title,time,author
【陌生人】枫叶,2017-12-22T06:44:01+08:00,原始生命
如何有效阅读一本书？（附思维导图）,2018-01-14T20:03:35+08:00,平白书
周杰伦：等你下课，勇敢追梦,2018-01-18T07:45:10+08:00,潘城王小古
请停止无效社交——移动互联网时代，如何建立自己的人脉关系,2018-01-18T08:02:33+08:00,萌薇
一张画彻底改变了我的后半生，也可能改变你的,2018-01-18T12:08:20+08:00,心蓝丫头
那些懂得有效学习的人，永远不会被社会淘汰,2018-01-18T08:19:23+08:00,Nicole林小白
社会如此不公平，教你几种面对竞争的博弈方法,2018-01-18T10:21:57+08:00,道长是名思维贩子
作为背包客，我是一个像空气一样自由的人,2018-01-18T11:09:31+08:00,有备而来的路人甲
《十二夜》：爱情所有的样子，这里都有,2018-01-11T16:33:22+08:00,南有南风
新年“剧”场｜琅琊风起，吸海垂虹,2018-01-13T00:51:36+08:00,覃浠
成长不是站在起点去选择，而是在过程中去把握,2018-01-18T15:48:09+08:00,韩大爷的杂货铺
僧人与屠夫,2018-01-12T08:49:55+08:00,从心活过
诗‖和平下的战争,2018-01-11T21:59:31+08:00,半岛雪
周杰伦《等你下课》了，能不能把青春还给我？,2018-01-18T08:51:37+08:00,衷曲无闻
初恋这件小事,2018-01-12T23:56:12+08:00,尊敬的王二
【古风】帝王的妻姐（47）,2018-01-13T07:00:28+08:00,无疾不伤
1、鸡场奇迹,2018-01-18T11:20:28+08:00,修道院羔羊
小程序学习笔记2-使用weui开发小程序,2018-01-12T15:50:17+08:00,Doris_Lee
岁生之初，且听我闲扯,2018-01-04T20:20:46+08:00,一浅疏影
二十多岁的我们，拥有多少存款？,2018-01-18T07:49:35+08:00,羊达令
