time,title,intro
2017-12-29 09:03,褚春天：暨南精神在军营里的实践者,"大学生应征入伍，是怎样的体验？在拥有5万多名学子的暨南园中，褚春天，成为了一抹鲜亮的风景。
		“阳光、帅气、有担当”，是我校学工部部长区向丽见到褚春天的第一印象，这位我校体育学院2014级本科学生，于2016年9月20日，响应国家号召，来到了武警某师，成为了一名新兵。短短三个月，他便拿到了“最美新兵”“爱军习…"
2017-12-27 16:34,第六届优秀学子奖励计划“学习之星”“风尚之星”答辩,"12月1日，第六届5A卓越引领计划之优秀学子奖励计划“学习之星”、“风尚之星”答辩会于校本部学术报告厅举行。两场答辩会由学生处主办，理工学院承办，学校、各校区相关职能部门领导担任两场答辩会的专家评委，各学院主管学生工作领导和辅导员老师担任学院评委。
		
				学习之星：“勤奋好学，砥砺前行”
		
		“学…"
2017-12-27 16:08,第六届优秀学子奖励计划“学术之星”“进取之星”答辩,"11月30日，我校第六届5A卓越引领计划之优秀学子奖励计划“学术之星”、“进取之星”答辩会在校本部学术报告厅举行。本次答辩会由学生处主办，生命科学技术学院承办，学校相关职能部门领导担任两场答辩会的专家评委，各学院主管学生工作领导和辅导员老师担任学院评委。
		
				学术之星：“上下求索，格物致知”
		
		…"
2017-12-27 16:03,第六届优秀学子奖励计划“创业之星”“艺术之星”答辩,"11月29日，我校第六届5A卓越引领计划之优秀学子奖励计划之“创业之星”、“艺术之星”答辩会在番禺校区图书馆报告厅举行。本场答辩会由学生处主办，外国语学院承办，学校相关职能部门领导担任两场答辩会的专家评委，各学院主管学生工作领导和辅导员老师担任学院评委。
		
				创业之星：“追逐梦想，创新无限”
		
		…"
2017-12-27 15:57,第六届优秀学子奖励计划“自强之星”“体育之星”答辩,"11月28日，我校第六届5A卓越引领计划之优秀学子奖励计划“自强之星”“体育之星”答辩会于番禺校区图书馆学术报告厅举行。本场答辩会由学生处主办，经济学院承办，学校相关职能部门领导担任两场答辩会的专家评委，各学院主管学生工作领导和辅导员老师担任学院评委。
		
				自强之星：“永不言败，心存感恩”
		
		来…"
2017-12-27 15:49,第六届优秀学子奖励计划“暨南之星”“领袖之星”答辩,"11月27日，我校第六届5A卓越引领计划之优秀学子奖励计划“暨南之星”和“领袖之星”答辩会在番禺校区图书馆学术报告厅举行。本场答辩会由学生处主办，管理学院承办，44位候选人齐聚一堂，尽展暨南学子风采。学校相关职能部门领导担任两场答辩会的专家评委，各学院主管学生工作领导和辅导员老师担任学院评委。
		
				
…"
2017-12-21 12:07,林英才：怀赤子之心为初心与使命奋斗,"林英才，国际关系学院2015级国际政治专业，老挝第四代华裔。曾获中国政府奖学金(CSC)、暨南大学新生奖学金、暨南大学华侨华人一等奖学金等奖励，荣获我校第六届“5A”卓越引领计划领袖之星荣誉称号，现任我校学生代表大会华侨华人留学生代表、第一届老挝学生联合会主席。
		
				
		
		(林英才)
		
				从零开始创…"
2017-12-21 16:03,叶耀坤：仰望“星”空与脚踏实地,"叶耀坤，理工学院应用物理学专业2014级学生，学习绩点专业第一。曾获国家奖学金等多项奖励，发表中文核心期刊论文一篇、获我校第六届“5A卓越引领计划”暨南之星标兵奖，入选我校本科优异生培养计划，已推免为北京大学直博生。
		
				
		
		（叶耀坤）
		
				仰望星空：播撒“5A”的种子
		
		三年前，作为亲友…"
2017-12-21 11:36,JNU暨语团队：助力网络思政 服务学生发展,"随着第六届“5A卓越引领计划”之优秀学子奖励计划答辩会的落幕，JNU暨语团队又多了2名闪耀的暨南“星星”。自此，这个仅有19人的团队已诞生5颗暨南“星星”。
		
				JNU暨语团队成立于今年3月份，由一群有梦想、有想法、有激情的暨南学子组成。团队以我校学生学习与发展官方微信平台为主阵地，专注网络思政，
				就…"
2017-12-21 09:22,暨南有一群“暖心”人,“在教学过程中我才知道，教的内容简单是一回事，如何把这个内容教好又是一回事。”暨南大学人文学院暖心志愿服务队队长叶若茵分享了队员杨洁发表的心得。暖心人将人文关怀薪火相传，默默奉献，希望通过教学帮助帮扶对象培养独立自主生活和与人正常交往的能力。在一次常规教学中，杨洁表示，笔画、汉字等对很多人来说都很…
2017-12-20 09:32,暨南青年说|听港人港事，做“超级联系人”,暨南青年说是港澳台侨青年学生成长和分享的沟通平台，听暨南人成长成才的故事，说青年人责任担当的理想。
2017-12-18 16:18,珠海校区志愿者助力2017年广东省旅游文化节,12月12日，2017年广东省旅游文化节在主会场珠海大剧院举办，本次活动围绕“活力广东·浪漫珠海”主题，以建设“粤港澳大湾区”和“港珠澳滨海国际休闲旅游目的地”为目标，把广东旅游文化节办成推介旅游形象、开拓国际旅游市场、促进产业融合、推动招商引资、加快城市发展升级和群众广泛参与的惠民节庆活动，实现经济效益…
2017-12-18 17:25,免费修电脑！珠海校区“电脑义修队”获赞技能高服务好,加入电脑义修队，每个人都有自己的“小心思”：2017级包装陈卓坚想要通过电脑义修队为电脑故障的同学提供一条有效且便捷的维修通道；2017级电信蔡泽林希望自己掌握技能的同时，锻炼人际交往能力，帮助他人，与人为善；2016级软工林树豪则希望利用自己的专业优势，学以致用，能让自己学到的知识在实践的同时帮助到别人………
2017-12-15 21:09,我校港澳台侨志愿者助力《财富》全球论坛,"12月6日，以“开放与创新：构建经济新格局”为主题《财富》全球论坛在广州开幕。经过广州《财富》全球论坛组委会志愿服务团队及团广州市委等选拔，我校共有174名同学成功入选，其中多名港澳台侨学子参与此次论坛志愿服务工作。
		
				
		
		
				
		
		(无人机团队)
		在我校举办的《财富》全球论坛誓师大会上，…"
2017-12-12 17:09,暨南青年说|用4天时间，看澳门这些年的变化,"12月4日至7日，学生处处长区向丽、番禺校区党工委常务副书记林晓灵、经济学院常委书记张志带领优秀澳门学生访澳团一行28人，参加为期4天的社会实践考察和学习交流活动。
		12月10日，第三届“暨南青年说”在番禺校区紫菜生活馆举行，优秀澳门学生访澳团的同学们就社会实践畅谈自己在澳门的所见所闻所得。本次活动由学生…"
2017-12-08 09:10,【微信】多彩暨南人 | 7天一条片！毕业半年入驻珠江新城，暨大这群年轻人…,从团队成立之初，就不断地有人问陈嘉瑞，你们的核心价值是什么，为什么要选择你们？
,,
,,
2017-11-23 17:08,袁晓露：在兴趣的指引下做好一件事,"一块大石头终于落地了。9月17日，袁晓露终于拿到了我校的学术保研名额。这意味着她终于可以在一年后与青睐的上海交通大学(后称“交大”)相遇了。
		
				
		
		（袁晓露在挑战杯国赛现场）
		袁晓露是我校新闻与传播学院2014级新闻学的学生，9月28日，她在推免服务系统接受了交大的待录取通知。她喜欢旅游，也是一个…"
,,
2017-11-22 17:16,Spicy!在Oneshow大赛玩转广告是怎样一种体验,"“现在要颁布的第四个获奖作品，是由暨南大学Spicy!团队创作的《开学大吉》，恭喜！”背景音乐响起，Spicy!团队走上舞台，接受金奖这一荣誉。这也是本次我校出战Oneshow中华创新竞赛取得的最佳成绩。
		
				
		
		(Spicy!团队现场合照)
		One Show中华青年创新竞赛作为The One Club for Art & Copy在全球推出的…"
,,
2017-11-06 11:32,【微信】多彩暨南人｜拿金奖，玩快闪！他们是有趣有料的暨南和声,"
				
						
								“哒哒哒哒哒……”一串快节奏的脚步声响起，国际学院辅导员何小勇像一阵风似的穿过走廊，大步踏进办公室。
								天色将晚，教学楼的课室里，新闻与传播学院星亮教授正在讲台前，上着今天的最后一节课。
								与此同时，化学与材料学院辅导员李逸凡坐上了从番禺校区开往校本部的校车，华…"
2017-11-06 09:35,蔡子悦：公益是一件我们应该做的事情,蔡子悦，曾任团工委青年志愿者协会珠海校区分会活动组干事，现任我校日月湖艺术团民乐团副团长、打击部部长，策划并参与了青年志愿者协会的会员队员招新、红十字急救员考证、最长的电影等活动，作为听梦队服务队队员定期出队进行志愿者工作，作为爱心邮寄固定成员长期与阳江小朋友进行通信，于2017年暑假参与巴基斯坦志愿…
,,
2017-10-31 11:20,2017新生杯辩论赛打响，新闻与传播学院辩论队赢得初赛胜利,10月22日下午我校新生杯辩论赛初赛于番禺校区教学楼323拉开序幕。由深圳旅游学院对战新闻与传播学院。辩题为“人际交往中，隐忍和坦率哪个更能消除矛盾”。深圳旅游学院队伍为正方，认为隐忍更能消除矛盾；新闻与传播学院队伍为反方，认为坦率更能消除矛盾。反方以7:2的成绩取得本场胜利，来自新闻与传播学院的杨嘉熹当选…
2017-11-09 11:25,我校运动员征战耐克精英挑战赛收获颇丰,10月14日，第八届耐克高校精英挑战赛落下帷幕。在本届比赛中，苏炳添以我校代表团领队的身份带领18名运动员出征比赛。经过一个上午紧张激烈的角逐，我校健儿在各个项目均有斩获——莫有雪以10秒88的成绩获得百米飞人大赛季军，人称“澳门飞人”的吕艳兰以12秒26夺得女子100米亚军，大一新生骆一格在跳高比赛中荣获第三名…
2017-10-27 10:53,林英才：立志成为外交官的老挝华裔留学生,"林英才，我校老挝华裔留学生，国际关系学院国际政治专业。我校学生会老挝学生联合会(筹)发起人，学代会常务委员、华侨华人留学生代表，学生领袖成长计划高级研修班学员，新生训练营优秀学生干部，四海书院学生会优秀部长；曾获暨南大学新生奖学金、华侨华人一等奖学金、中国政府奖学金等。
		十九大有一句话形容我辈青年…"
2017-10-17 09:32,张越然：15岁入读暨大，靠的是99%的汗水,"
				
				
		
		
				9月9日，在大多数同龄人还坐在高一的教室里的时候，15岁的张越然拿着大学的录取通知书，从最北端的黑龙江来到了南方滨海小城珠海。她跨越了三十个纬度，踏上人生的另一段征程。
		
		
				“我不是神童”
		
		张越然4岁就上小学，读完一年级以后，她的母亲作主让她跳过了二年级、直接读…"
2017-10-12 16:35,创意暨南园  多彩“暨南瓜”,"对于很多人来说，周五的来临意味着放松的周末，而对于三位“暨南瓜”的创始人来说，周五则是新的忙碌的开端——她们要在每周五推送新漫画并着手准备下一期的选题和绘制。
		运营这个公众号已有一年半的时间，她们的生活也如同笔下的漫画，多彩而有趣。
		
				“坚持是因为热爱”
		
		“暨南瓜”公众号创立于2016年…"
2017-09-21 16:41,【微信】同校同专业，双胞胎兄弟一起上暨大,"今年九月，
暨大迎来两个特别的新生！
他们分别是哥哥成泓道和弟弟成泓达，
他们都被暨南大学理工学院
光电工程系录取，
将在暨南园续写他们的传奇故事……"
2017-09-21 16:31,【微信】新生揭秘｜他们来自暨南，也来自少数民族,"
				1.马伟 
		
		人文学院 行政管理专业
		
				
		
		
				东乡族：
		
		“图中是我们的传统民族服饰，在人民大会堂拍的，少数民族晚会上我被邀请过去当观众，还有幸见到了习大大！”
		
				2.张梦尔
		
		文学院 汉语言文学专业
		
				
		
		
				俄罗斯族：
		
		“我的童年记忆中有过复活…"
2017-09-21 10:28,暨南有一群追梦的“一带一路”学子,"2017年，我校迎来了来自50多个国家和港澳台地区的10208名学子，其中包括了来自乌兹别克斯坦、土耳其、斯里兰卡、沙特阿拉伯、马来西亚等“一带一路”沿线国290多名学子。
		来到我校已经十余天了，“一带一路”沿线国学子除了和内招新生一样参加本科新生训练营和研究生入学教育，还体验了龙狮文化。无论是新生还是老生，…"
2017-09-21 17:05,【微信】责任心+高颜值，或许他们是暨大第一对双胞胎助教,来自新闻与传播学院2016级广播与电视专业的双胞胎兄弟黎子政、黎子治，就是这些助教中的“两份子”。去年入学时，这对长相几乎一模一样的高颜值 “蓝精灵”（2016年的新生训练营营服为蓝色，故16级新生被称为“蓝精灵” ） 就十分吸睛；今年双双穿上红色助教服的他们，又再度成为人群中的焦点。
2017-09-15 11:51,王煜莹：默默绽放的暨南播主女孩,"初次见到王煜莹的时候，你很难把她和“2017年暨大播音与主持艺术专业总分第一名”联系起来。并不像大家传统印象里的“播音女神”一样成熟大气，相反，王煜莹有着小女生独特的单纯与可爱，简单的披肩发，淡淡的妆，笑起来眉毛弯弯……
		“看到‘恭喜你’三个字的时候，激动得在马路上跳了起来。”回忆起自己拿到暨南大学…"
2017-09-13 11:24,姜熙泽：我想成为一个厉害的暨南人,舞台上的他自信从容，舞台下的他谦和有礼。他就是我校2017年本科新生训练营的新生代表——姜熙泽。作为一名播音与主持艺术专业的学生，他对艺考有着独特而深刻的理解；热爱公益的他曾在西昌参加过学校组织的山区支教活动，也曾前往青海开启一段义工之旅，收获颇丰；初入大学，他已参加了“百人团”和校内学生组织的招新，…
2017-08-17 11:50,国际公益游，暨南大学汉族、苗族学生携手秘鲁华裔学子发现苗乡文明旅游发…,2017年夏，暨南大学珠海校区人文学院思源·寻根大学生团队在广西壮族自治区柳州市融水苗族自治县大年乡，实地调研旅游产业发展对农村农业、生活用水水质影响。秘鲁华裔学生Wha San Antonio Chong Yi、苗族大学生梁胜与来自全国各地大学生一道翻山越岭，调研当地旅游业发展状况，向当地居民传播可持续发展的观念。学生团队…
2017-07-10 17:09,厉害了，我校高颜值学霸变身10w+音乐自媒体大V！,新闻与传播学院前任研究生会主席？硕博连读的高颜值学霸？新华社、南方周末的特约撰稿人？NO，这些都已经不再是他的标签。现在的他，是国内最“燃”的音乐自媒体“民谣故事”的创始人。他就是王悦，我校新闻与传播学院2013级博士生。
2017-06-02 15:34,曾子博——在创业之路上砥砺前行,"简介：2016年年底，暨南大学第五届“5A卓越引领计划”的获奖名单公示。来自2013级行政管理专业的曾子博，凭借“矢量商战”项目，荣获暨南大学创业之星标兵奖。
初见曾子博，戴着副眼镜的他给我一种文质彬彬的感觉，打扮得非常整洁，当递上矢量商战的介绍资料时，谦让得体的他没有一点架子。在采访的…"
,,
,,
2017-06-02 15:16,毕业季|学术之星孙瑾：筑梦暨南，青春无悔,孙瑾个人简介：女，翻译学院翻译专业2013级学生。综合测评专业第一，获暨南大学优秀学生一等奖学金、优秀学生干部一等奖学金;入学相继担任珠海校区艺术团司仪队队长、翻译学院学代团团长、校晨星英语报主编;以第一作者身份于B类核心期刊和公开期刊发表论文各一篇，以副主编身份出版专著一本;曾于世界500强金融公司、环球…
2017-05-25 11:39,【优秀毕业生分享】国际学院刘怡涛被华为腾讯相中的前前后后,"编者按：他山之石，可以攻玉。每个个体都有特殊性，你不必成为第二个谁谁谁，但你可以从他们身上看到很多。作者刘怡涛被华为和腾讯先后相中，他是13CST(计算机科学与技术)全英文计算机科学与技术专业中第二个去腾讯的，第一个是12CST的张金栋。
这篇文章是我早就想写，同时受赫栋峰老师和何小勇老师多次连环催促，才在临…"
2017-05-24 23:53,【群星闪耀暨南】“风尚之星”郑汶珠：怀着善心，在公益创业道路上前行,    “以善为行”是郑汶珠的生活理念。来自我校国际关系学院华侨华人研究院2014级国际政治专业的郑汶珠，获得了第五届优秀学子奖励计划的“风尚之星”，并且成为了第十二届中国大学生年度人物候选人之一。她积极促进港陆青年之间的交流，任我校香港校友会青年部副部长，举办过香港40周年周庆等多项交…
,,
2017-05-27 17:07,【外招生分享】暨南大学，遇见最好的你,"【个人简介】Kun Hung To (管洪韬)，,生于1996年9月5日，现就读于我校商学院的15财务管理，是一位香港的外招生，现任国际商学院团委、学生会信息编辑部正部长，曾获“港澳及华侨学生奖学金”三等奖。
诗与远方
高晓松说：“生活不止有眼前的苟且，还有诗和远方。”
我曾无数次幻想过海对岸的景象…"
2017-05-22 09:11,想就壮志凌云 做就脚踏实地,"
“统筹帷幄决千里，计成棋落定全局。万水千山携手过，岁久天长心不离。这里，是大统计的江湖。”打开经济统计学2014级团支部的微信公众号，这样的豪言壮语让人印象深刻。
闪闪发光的成绩单
“我们的目标是，让这个集体成为同学们一生美好的回忆。”13位班委和团支部干部，从最一开始，就决定为集…"
2017-05-17 11:14,身边的好心人：我校学生吴俊杰助66岁老人回家,"5月8日晚九点左右，我校药学院研二学生吴俊杰和同学在回宿舍的路上，发现一位老人躺在中山大道的一座立交桥底下。
据了解，老人刘宪奎是天津人，今年66岁，从老家骑车旅行到广东，在折返的路上被大雨困在立交桥底下。因看不惯老人家受累，吴俊杰不仅给老人送去晚餐，还和另外两名同学凑钱给老人买了车票。当晚，吴俊杰还…"
2017-05-17 11:12,【群星闪耀暨南】进取之星李依璠：我们都在追求一个更好的自己,“对于我而言，进取不仅仅指学习成绩方面的进步，更是生活上的一种进步，一种为未来努力奋斗的成果。”“进取之星”称号的获得者、力学与建筑工程学院工程力学专业2014级学生李依璠对“进取”二字有独到的见解。正如她的获奖感言：“上天是不会辜负努力的人的，每一次的发奋努力，必…
2017-05-14 12:44,【群星闪耀暨南】你所不知道的暨南“奥斯卡”,    5月14日下午，暨南大学第五届“5A卓越引领计划”颁奖典礼在校本部礼堂举行。“5A卓越引领计划”是广东省学生工作精品项目，也是暨南大学激励和引导学生的重要评价机制，在改革完善学生评价激励机制过程中发挥着龙头作用，成为学校高水平大学建设过程中，深化人才培养模式，创新人才培养机制的重…
2017-05-13 23:11,【群星闪耀暨南】来自香港的“星星”们：敢想敢做 活出精彩,"    在暨南园，有来自115个不同国家和地区在校华侨、港澳台和外国留学生11814人，高居全国第一。其中，有一群来自香港的有激情和拼劲的学子，成为暨南园耀眼瞩目的“星星”。让我们走近这些香港杰出学生代表，感受暨南香港青年的独特风采。
“风尚之星”郑汶珠：为爱而行，敢想敢做
    郑汶珠，曾…"
2017-05-13 21:18,【群星闪耀暨南】2014级华文教育A班：虽然国别不同，但我们心意相通,"    “天行健，君子以自强不息。地势坤，君子以厚德载物。”伴着悠扬典雅的音乐声，礼堂舞台上传来了声情并茂、抑扬顿挫的朗诵声。这是华文学院2014级华文教育A班的同学们在为第五届5A卓越引领计划颁奖典礼上的节目进行紧张彩排。
    华文学院2014级华文教育A班在本次5A卓越引领计划中成功获得了“卓越…"
2017-05-13 18:04,【群星闪耀暨南】“暨南之星”林凯基：在跳出舒适区的过程中步步成长,林凯基，来自力学与建筑工程学院2013级工程力学班，荣获第五届优秀学子奖励计划“暨南好班长”与“暨南之星”。学业上，他勤勉求实，曾获国家励志奖学金、南航十分关爱励志奖学金、金龙鱼奖学金；学术上，他热爱钻研与挑战，将第四届中南地区结构模型大赛二等奖与广东省大学生头脑奥林匹克挑战赛（超…
2017-05-12 23:03,【群星闪耀暨南】领袖之星：用行动践行责任 用引领诠释卓越,"   “动人以言者，其感不深；动人以行者，其应必速。”榜样的力量是无穷的，“5A卓越引领计划”所选出的“星星”们是暨南园中的榜样，而番禺校区历经三年培养出来的第一批“领袖之星”是独具风貌的榜样。
    以下是对番禺校区六位“领袖之星”的采访问答。

（从…"
2017-05-11 18:24,【群星闪耀暨南】自强之星：奋进踏新路，自强谱华章,    在暨南大学第五届“5A卓越引领计划”评选活动中，番禺校区诞生了一群特殊的“星星”。他们有着共同的特点——志存高远、百折不挠、自立自强，他们各具特色：既有大家口中的艰苦奋斗的“学霸”，也有迎难而上、热心公益的“志愿服务能手”；既有数次获奖、经验丰富…
2017-05-08 20:43,“offer收割机”黎凯龙谈求职：积极准备，主动出击,"提起黎凯龙，同学们都对他印象极深。被称为“男神学霸”“offer收割机”的他不仅成绩优异、荣誉累累，还赢得了多家名企的青睐，令同学们钦羡不已。
黎凯龙，2013级金融工程学生，曾获国家励志奖学金及企业奖学金，参加数学建模大赛获得美国大学生数学建模大赛国际一等奖等荣誉，曾获普华永道offer，…"
2017-05-08 11:16,【外招生分享】暨南大学，谢谢你,"【作者简介】Wee Yong Yeow (黄荣耀)，马来西亚华人，现就读于暨南大学商学院的15国际经济与贸易专业，现任国际商学院团委、学生会公关国际部副部长，曾获“华侨华人学生助学金”一等奖和“华侨华人学生奖学金”二等奖。
已经大二的我，回想起刚刚踏进暨南大学的情景，依然如昨日般清晰。还记得2015…"
2017-05-06 21:52,【群星闪耀暨南】2014级应用物理学班：闪闪满天星，聚是一团火,"“境自远尘笃坐定，物含妙理总堪寻。他们以思考作桨，创新为帆，各展才华，见物寻理，一路携手，共同前行。”这是班主任赵传熙眼中团结友爱的2014级应用物理学班，也是是本次5A卓越成长计划中的“卓越班集体”之一。
当之无愧的卓越班集体
“我们班是名副其实的‘5A班集体’，班上…"
2017-05-03 16:10,【留学生分享】在奋斗中成长 成为人生的掌舵者,"【个人简介】：Ng She Moon （马来西亚华人）  国际商学院2014级国际商务专业
犹记得在一个炎炎夏日，我来到了暨南大学。前一晚上我辗转反侧无法入眠，我独身一人来到异域他乡也好奇着未来将面临的挑战。转眼，我已在这里度过了两年半的大学生活，再也不是当时青涩不懂事，时时需要寻求学长学姐帮助的新生，相反我成为了…"
2017-05-02 14:15,【美国加州大学圣地亚哥分校交流分享】Do Something Different,"【个人简介】陈睿贤，我校国际商学院2015级财务管理专业，共青团员，汉族。个人座右铭: One day your life will flash before your eyes. Make sure it’s worth watching.

(陈睿贤)
加州之旅是人生中随时回头都能见到小山坡
走过郁郁葱葱的山林后
我又回到一览不见边的大平原
我无法证明我曾见过那山中的桃…"
2017-04-28 15:04,暨南园，有你，我的人生才精彩,"2013年9月7号，我怀揣着忐忑又兴奋的心情，跨进了蜚声海内外的暨南园。从这刻开始，我进入了人生的新阶段。国际商学院设在珠海校区，宽阔的水泥路面两旁，树木葱绿茂盛，教学楼、生活区配套完善，布局井然有序，我开始憧憬即将到来的四年大学生活。

多姿多彩的大学生活迥异于以往两点一线的中学生活。不同的教室、不一…"
2017-04-27 16:22,慕雪城主：找寻真实的自己，是摄影师也是文学博士,你可能不知道他到底是何方神圣，但你对他的照片应该并不陌生：水晶球里的大拱门、与富力教学楼同框的超级月亮、春天里缤纷多彩的暨南园……这些屡屡占据暨大官网首页、在微博上被疯转、偶尔还在朋友圈刷个屏的图片都出自他手——他是暨南大学2016级的文学博士生刘汉波，而他更为人所熟知的名字是&l…
2017-04-19 16:01,【法国图卢兹高等商学院交流分享】图村，一场不愿醒来的梦,"【个人简介】李志春，国际商学院2014级财务管理专业，曾获国家励志奖学金，优秀学生二等奖学金，A类挑战杯立项，D类挑战杯获省赛金奖，商业精英挑战赛三等奖，入选暨南大学优异生培养计划， 国商院优秀团支书等荣誉。座右铭：To be different。

(李志春在法国)
返校第一天，文老师问我感觉这次交换如何，一时竟语塞不…"
2017-05-22 16:20,【文莱大学交流分享】怀念在文莱四个月的每一个晴天,"七月盛夏，热情豪迈，带着满满激情到了文莱达鲁萨兰国。这四个月里的每一个晴天，我都很是怀念。

(文莱海滩)
自由的教学风格
与国内无异文莱大学(UBD)也是一样的学分制体系，没有学期有规定修满的课程和学分，但老师教学的风格却有所差异。每周的课分为lecture和tutorial，lecture是老师上课而tutorial就是学生展示…"
,,
2017-04-14 11:33,【美国威斯康辛交流分享】Embrace the Unknown,    【个人简介】胡培炜，国际商学院2013级金融工程专业，曾任国际商学院团委、学生会副秘书长，赴泰国公益项目志愿者，获暨南大学优秀学生奖学金，先后在中国工商银行、德勤中国、广发证券实习，并于2015-2016学年第一学期在美国威斯康辛大学交换学习。现已获美国罗彻斯特大学、约翰霍普金斯大学、马里兰大学等金融学硕…
2017-04-12 18:21,国家奖学金获得者——“全能”的明星体育生谢舒媛,"    2017年2月22日，我校管理学院2012级会计专业本科生谢舒媛及其主要事迹登上了《人民日报》，被收录在《国家奖学金学生代表名录》中：“做到了兼顾体育和学习，积极参与各类学术竞赛和科研项目，同时参加志愿者工作，热心帮助他人”。 

坚持不懈·奔跑15年的女飞人
第九届广东省大学生运动会优秀运…"
2017-04-07 10:48,【毕业生分享】保研之门关上后，他为自己打开了几扇窗,吴淦是国际学院2013级金融专业本科生，现已拿到北京大学、香港科技大学、香港大学、香港中文大学录取资格。
2017-04-13 15:52,【毕业生分享】做一个努力的人，好处远比你以为的更多,"【个人简介】
邵帅，女, 1995年10月生，中共党员，暨南大学国际商学院金融工程专业2013级学生，曾任百年暨南文化素质教育讲堂理事长、学院兼职辅导员、班长、学院组织部干事、校学生代表、青协志愿者等。大学三年GPA4.24，排名2/107，获得A类推免生资格。作为队长主持1项国家级大学生创新创业训练计划、1项校级大学生创…"
2017-04-07 09:36,【毕业生分享】士不可不弘毅，虽任重道远，我亦愿一搏,"唐若诗是国际商学院金融学2013级学生，曾担任暨南大学学生会珠海校区执委会秘书处副秘书长，暨南大学国际商学院团委学生会公关部干事，暨南大学学生艺术团司仪队。目前已被约翰霍普金斯大学、杜兰大学、马里兰大学金融硕士录取，最终选择了杜兰大学弗里曼商学院金融学硕士。
"
2017-04-06 16:58,【毕业生分享】逆流而上，道阻且长,【个人简介】刘芳，女，汉族，党员，国际商学院2013级金融工程学生，担任过国家级创新创业训练项目负责人，并参加过3个挑战杯项目，其中带队项目2个。大学四年总平均绩点4.17.曾获2013、2014年“优秀团员”称号，2014年优秀学生一等奖学金、2014年香港太阳国际金融集团奖学金，2014、2015年全国大学生数学建模…
2017-04-06 16:54,【毕业生分享】努力！奋斗！,陈溥江，暨南大学2013级金融工程学生，曾多次获得数学建模大赛国家级以及国际级殊荣，主持国家级大创一项，并在国际期刊发表金融研究论文两篇。2016年，经暨南大学国际交流处推荐，获奖学金前往美国常青藤之一的哥伦比亚大学交换。目前已获得曼切斯特大学、香港中文大学、香港大学、香港科技大学硕士录取，并决定入读于香…
2017-03-31 16:27,道别:大四准毕业生和他风雨无改的公益国学班,"“要毕业啦，给小朋友上的国学课程已经结束了。”郝嘉奇如是说。
虽然过去近三年来社区国学课程仍历历在目，但埋藏在硬盘深处的七十多份精心制作的课件已经不再更新，自2014年第一学期起每星期风雨无改的课程亦已告一段落。自此，每周五放学后的珠海拱北街道将军山社区服务站都少了一位社区志愿者和一堂公益国…"
2017-03-31 11:10,【2+2交换学习】遇见更好的自己,"去年四月，我从朋友那里得知了英国伯明翰大学的2+2项目，当时便下定决心努力争取一下。最大的一道坎就是雅思了。我利用周末时间准备了两个月，并且每天坚持背单词和练习听力，最后成功抓住了这个机会。
学会独立并照顾好自己
经历过一次初入大学，比起之前的不安与惶恐，这次更多的是憧憬和斗志。出发前对自己说，这是…"
2017-03-31 09:49,【挑战杯系列】新型光纤激光液压传感器科研团队：兴趣助我们走得更远,走进光子技术研究院的实验室，映入眼帘的便是满屋的精密科研器件。“这就是新型光纤激光液压传感器，这个器件可以测量任何物体的压力。” 光子技术研究院2015级硕士肖鹏指着一个四方的小器件介绍道。这个研究新型光纤激光液压传感器件的科研团队，由5位光子技术研究院的硕士生组成，分别是光子技术研究院的2015…
2017-03-29 09:56,"Nice Meeting You , Canada","这是一个零下十多度飘着雪的城市，却依旧让人想念。
喜欢这儿的学习 McGill
麦吉尔大学简称McGill，坐落在加拿大第二大城市蒙特利尔，常被视为“北方哈佛”或“加拿大哈佛”。其实在去之前我知道的也不多，很多都是来自百度的直观了解。但是在那学习的几个星期，却让我有了一些感受。McGill有一个…"
2017-03-22 11:22,今朝pro的背后：一个做着公益的创业团队,"广州“一模”考试刚过，应届高考生进入备战高考冲刺阶段，为自己心仪的大学奋斗。面对着未知的大学和陌生的专业，应届生往往会迷茫和不知所措。由我校创业团队研发的“今朝pro”微信公众平台应运而生，很有针对性的为应届生提供了大学的资讯和与学长学姐交流的平台。
对高校的宣讲流程的优化
创始…"
,,
2017-03-20 12:10,国际学院学子前往动物救助站开展志愿活动,"3月11日，为弘扬雷锋精神，国际学院食品质量与安全专业的近40位同学前往土华动物救助站进行志愿活动。

同学们抵达救助站后，开始为小动物们清理居所并分工进行喂食 。在与管理员苏小东的交流中，同学们了解到如果没有义工的帮助，救助站会比较冷清，一人照顾小动物压力较大。他很感激同学们能够有本次志愿活动，也希望…"
2017-03-19 12:15,【雷锋月】国际学院学子为市民普及药物知识,"2016级国际学院药学的17名同学积极响应号召，弘扬“热心公益、奉献社会”的雷锋精神，参与了以“学系于药，心寄于人”为主题的志愿活动。3月12日一早，PHA的同学们一同前往广州小洲村派发关于药物知识的传单，并向小洲村的村民普及基本药物知识。

在活动开展前，同学积极查找资料，结合所学的知识…"
2017-03-09 11:39,我的国考心路——亦余心之所善兮，虽九死其犹未悔,"宜未雨而绸缪，毋临渴而掘井
实诚地说，保守估计也该是十几年前，我就认为自己适合成为一名公仆。现在，男女都怕入错行。所以，找工作最好符合自己的理想和性格特质，实际上这样通过笔试面试也相对容易些，毕竟已经有很多方面是契合了。整个大四，我只面试了三次，后两次全部通过，可见精准定位自有它的优势。
这一次国…"
2017-03-06 09:24,我在加勒，天气晴——记斯里兰卡义工之旅,"“寒假，不为没意义的旅行出发”。最开始是被这句口号吸引，厌倦了普通的走马观花的旅行方式，怀着对这种新颖的一边做义工一边旅行的概念的好奇，和在陌生的地方做些有意义的事情的念想，我报名了EASIN国际义工旅行的斯里兰卡幼儿园志愿者项目。
初到斯里兰卡，这个热带岛国炙热的阳光便彰显了它的热情。在海…"
2017-03-03 11:00,"台湾东华大学,邂逅宁静的秋冬行","东华湖畔，凉风几缕，偶闻鸟鸣，低头观书，抬头闲看闲云漫散，大部分无课的午后，便是这么度过的，东华的午后，便是闲适如此。
2016 的秋冬之季，很幸运，是在这里，台湾东华大学度过的，这里人文风景，无不精彩。无论是欧式庄园式的校园，让人如沐春风里的老师和小店的阿婆，抑或是旅行的山和水，都是无法忘怀的动人时…"
2017-02-28 17:40,饱览灿烂文化，感受魅力京津——“一带一路·侨心同行”暨南大学中国文化…,"2017年2月18日，“一带一路·侨心同行”暨南大学中国文化之旅冬令营正式开营，共有10个团奔赴全国各地。中国文化之旅是国务院侨务办公室在暨南大学设立的一个品牌项目，至今已有三十年的历史。
今年首次开启京津文化线路(以下简称京津团)，旨在让更多到内地学习的港澳台侨学生了解祖国首都北京及天津的…"
2017-02-21 20:41,文化育人，暨南大学“一带一路•侨心同行”文化之旅冬令营走进东北,2月19日，来自世界近十个国家和地区的34名港澳台侨学生来到北国雪乡，开启了中华文化之旅。该团队是暨南大学“一带一路•侨心同行”文化之旅活动组织，沿路的大部分区域属于国家“一带一路”规划建设的范围内，师生们不仅能够领略祖国美丽的自然风光，探索我国不同宝贵的物质、非物质文化遗产，…
2017-01-11 10:08,【迈向高水平·“暨南之星”系列之六】李剑培：用公益宣讲传播暨南之名,"李剑培，生命科学技术学院2013级生态学专业学生，暨南大学招生宣传协会创始人&总会长，第六届创业训练营营员，入选2015年暨南大学本科优异生培养计划，获第四届暨南大学优秀学子奖励计划“领袖之星”标兵奖，现已保研至我校产业经济研究院产业经济学专业。
“这次能够获得‘暨南之星’，我…"
2017-01-10 16:38,【迈向高水平·“暨南之星”系列之五】房泽龙：致力于做代表中国的独立游…,"发表两篇SCI论文，组队开发出代表中国的VR游戏，成立公司拿到百万投资，成功保研我校金融专业……他就是我校第五届“暨南之星”之一，来自信息科学技术学院的大四学生房泽龙。
“能成为‘暨南之星’太幸运了!我觉得这个荣誉是对过去的肯定，更多的是责任和未来的希望。”房泽…"
2017-01-05 17:41,【迈向高水平·“暨南之星”系列之四】郭运健：关注内外招学生融合的澳门…,"获评“暨南之星”，郭运健说自己非常开心。从去年成为象征拼搏逆袭的“进取之星”，到今年摘得象征全面发展的“暨南之星”，他表示很不容易，这是对他大学生涯最好的认可。
郭运健是我校华文学院2013级汉语国际教育专业本科生，出生于澳门，是第五届“暨南之星”中唯一的外招生…"
2017-01-05 17:29,【迈向高水平•“暨南之星”系列之三】魏子贤：“我梦想有朝一日成为引领…,"
魏子贤，理工学院光电工程系信息工程专业2013级本科生。先后获得暨南大学第四届卓越引领计划“学术之星”和第五届卓越引领计划“暨南之星”。共获七项国家级以上、五项校级以上学术竞赛奖，参与包括省级500万重大专项在内的四项科研项目，发表论文一篇，授权专利两项。曾在工业与信息化部第五研究…"
2016-12-30 08:26,【迈向高水平·“暨南之星”系列之二】张乔波：按规划一步步走出精彩,"
张乔波，国际学院金融专业2013级本科生。绩点专业排名第一，以全校第一的成绩被选拔为“优本项目”交换生，先后获得第三届优秀学子奖励计划“学习之星”标兵奖、第五届优秀学子奖励计划“暨南之星”标兵奖，现已保送至上海交通大学安泰经济与管理学院攻读硕士研究生。看似一路顺畅的背后…"
2016-12-30 09:29,【迈向高水平·“暨南之星”系列之一】硕博连读中科大国家实验室  将师从…,"
你以为他只是在SCI发表两篇论文?他还申请国家专利一项，主持大学生创新项目两项、挑战杯项目一项，获得第五、六届广东省材料创新大赛高分子赛区一等奖。现已保送至中国科学技术大学合肥微尺度国家实验室(筹)攻读硕博连读研究生，师从中国科学院院士、2015年度“世界杰出女科学家奖”获得者谢毅教授。
你以…"
2016-12-27 23:01,陈嘉瑞：当创业梦想照进现实,"    一位长发飘飘，穿着白色裙子的姑娘缓缓走过万国墙，在墙的末端，一堵课室门突然出现。姑娘打开门把手，走进坐满学生的课室。这个梦幻的场景出现在我校新闻与传播学院的宣传片中，片子由薪传文化传播有限公司拍摄，而公司的所有成员正是我校学生。
    宣传片运用长镜头的拍摄手法，在镜头的起幅和落幅间实现万国墙、…"
2016-12-14 13:31,“暨”情学习，筑梦高水平,"         12月9日晚，由珠海校区学生代表大会主办的学风建设系列活动之“暨”情学习决赛答辩会在珠海校区行政楼举行。珠海校区党工委滕斌副书记出席了本次答辩会并致辞，校区学工办相关老师和近两百名代表出席了本次答辩会。
        滕斌副书记在致辞中表示，学风建设是高校永恒的主题，学风是学校办学特色的…"
2016-12-14 10:43,暨南学子助公益 齐来爱心DIY,"11月28日至12月7号，暨大青协珠区分会顺利地开展了“爱心DIY”活动。在这次活动当中，暨南大学珠海校区的同学们积极踊跃地献出自己的爱心，约有310人参与活动，其中还有老师和由志愿者带领的来自斗门区实验中学的学生们参与制作手绘帆布包的活动。

(暨南学子及实验中学学生一齐在摊位咨询详情)
这次公益活…"
2016-12-12 22:40,理工学院学生创新实践工作室：这里有一群朝气蓬勃的创新实践者,    “刚到物理系的时候，有一个大一新生问我‘我们以后就业主要是哪些领域’，我当时就镇住了”，在谈及学生创新实践工作室成立的初衷时，工作室指导老师之一、物理系教师付勇谈到了这段回忆。“除了走学术这一条路，我一时间想不起其他非常对口的行业。”事后，付勇思考了很久，他认为许…
2016-12-10 18:43,暨航乘风破浪 班级尽显风采,"    近日，以“暨语、暨情、暨南人”为主题的团支部风采大赛总决赛在我校南校区举行。在进入决赛的十二支队伍中，2015级信息科学技术学院电子信息工程专业团支部以出色的表现夺得了本次决赛的特等奖与最佳组织奖。
暨航贯穿古今，承载无限深情
    电子信息工程专业团支部的表演节目《暨航古今》以“船&…"
2016-12-08 22:06,青春荡漾，声汇星光,"    12月3日晚，第三十一届北极光校园歌唱大赛总决赛在校本部礼堂举行。作为暨大的校园品牌活动之一，北极光大赛从初赛伊始便吸引了众多的目光，经过一个多月的淘汰与选拔后，决赛更是万众瞩目。当晚不到七点，礼堂门口便已经排起了长队，同学们都期待着能先一步进入礼堂领略这场视听盛宴。
    当晚，暨南大学副校长饶…"
2016-12-03 17:13,我校志愿者陪伴心智障碍青年献上一份“甜心下午茶”,"    “甜心下午茶，快来看看，错过就没有啦！”12月2日，建阳篮球场上，六个穿着蓝衣服的青年向行人卖力吆喝着。他们来自广州市少年宫特殊艺术家工作室，在暨大志愿者的陪伴下，参与销售由心智障碍糕点师制作的甜点。
    在贴有“甜心下午茶”的牛皮纸袋里，不仅有玫瑰卷面包、松软的麦芬蛋糕、酥…"
2016-11-29 10:44,【广播台系列】3代广播人讲述30年流淌的广播情,从1990年到2016年，昔日的暨南大学广播站已经升级为暨南大学广播台。一代代广播人辛勤奉献，努力将暨大广播做到更好。110周年校庆之际，3个年代的3位广播人——1990级经济学院校友、广播站播音员周飞兵，2007级新闻与传播学院校友、广播台第一任台长陈福星，2014级新闻与传播学院学生、广播台现任台长李冉&mdas…
2016-11-29 08:48,酌一杯名叫校运会的酒,"    11月25日，虽然天气有点寒冷，但我校第四十三届田径运动会还是如期进行着。寒冷中，校运会是否会有另一番味道？不妨来尝尝。

（第四十三届田径运动会开幕）
醇厚的体育精神
    大二电气工程及其自动化专业的陆海天同学这次专程从珠海校区来本部参加校运会，平常喜欢运动的他报名了男子3000米、跳远和男子4*400…"
2016-11-22 17:02,第28届“韩奖”翻译学院7人上榜 获奖人数居全国高校之首,翻译学院自2011年开始组织学生参加“韩奖”，连年获奖，共计28人次(二等奖5人次、三等奖3人次、优秀奖20人次)，2013、2014、2015连续三年获奖人数在参赛高校中位居全国第三、广东省第一，2016年获奖人数居全国参赛之首。
2016-11-17 00:16,暨大迷你马拉松：用挑战驱动公益力量,"由我校人文学院团委学生会承办的全国大学生迷你马拉松公益挑战珠海站第一期——野狸岛环岛跑于10月30日举行，该活动吸引了近200名热心运动与公益的暨南学子参与。
本届“迷你马拉松”全名“康宝莱·全国大学生迷你马拉松公益挑战”，以关爱贫困失聪儿童，增强青年大学生体质为目的…"
2016-11-17 00:14,在最应该读书的年纪要多读书，读好书,"11月10日晚，由人文学院团委、学生会学术实践部与作家大冰联合举办的《好吗好的》百城百校畅聊会4.0在学生活动中心顺利举行。活动吸引了约700名学生读者前来参加，现场气氛非常热烈。
大冰是中国当代畅销书作家，在过去的几年里，他在全国各地举办了数百场百城百校畅聊会的活动，并向读者们推广阅读。而这一站，他来到了…"
2016-11-15 21:01,快门无声 大爱无言,“这是养心殿，位于北京，是清代皇帝的寝宫。”来自暨南大学珠海校区的大学生志愿者陈红正在给特殊学生上摄影素养课，今天这一节课的内容是介绍人文建筑。她的左前方有一名手语老师在比划着手势，把她的话用手语翻译给孩子们。孩子们也很活跃，也在不停比划着跟老师、小伙伴们交流。这时，不久前悄悄进入教室的…
2016-11-05 13:58,图书馆改造在进行：设置“智慧空间” 优化服务功能,"    “一座优秀的图书馆一定是一流的资源、环境与服务的结合。”我校图书馆馆长史小军如是说。
    在延长开馆时间、增设自习区等一系列改革措施获得师生一致好评之后，图书馆又展开了二楼西区的改造工程，不断向着“全体暨南人最温馨的精神家园和华南地区富有特色的图书圣地”这一目标迈进。近期，…"
2016-11-04 08:26,【110周年校庆系列·活动篇】110周年校庆晚会节目由他们承包了！,11月19日，我校将迎来百又十年校庆，围绕着“学术”“校友”的主题，会推出怎样的重磅活动，打造怎样的纪念盛典，演绎怎样的动人故事？从今日起，校庆新闻中心志愿者将跟踪报道校庆活动的全过程，聚焦为校庆团结一心、凝聚智慧、付出汗水的暨南人，聚焦接连不断的高水平学术活动，聚焦校庆活动中最受暨南人喜爱的那事那物…
2016-10-26 13:24,艺术学院小白楼，邂逅音乐沙龙夜,"    夜幕降临，当一切被黑暗笼罩时，艺术学院的小白楼却亮起了点点“星光”。
    一路沿着“星光”走到小白楼前坪，眼前顿时豁然开朗。被精心布置过的“夜空舞台”、从二楼延伸下来的“星星月亮”吊灯、梯级间闪烁着点点“星光”、四处可见以橘色为主的暖调大射灯、…"
2016-10-16 23:49,【“暨南新力量”系列】67岁新生李纪良 永远坐在第一排,"    2016年新生开学典礼结束后，体育馆前坪摆放的创意展板十分受新生欢迎，大家纷纷与之合影。人群中，一位满头银发的老人也十分活跃，他并不是陪同孙儿孙女前来报到的家长，而是今年暨南大学知识产权专业的研究生新生，67岁的李纪良。
    “我去年旁听了一年研一的课，今年暨南大学收我做学生了，我除了自己的课…"
2016-10-09 15:44,【“暨南新力量”系列】曾经的新生，现在的“引路人”,"    9月19日，6516名16级新生来到暨南园。9月20日，已经第四届的新生训练营如期开营，新生们换上了深蓝色的营服，也收获了“蓝精灵”的昵称。但是，每一片蓝色的人海里，总点缀着零星的深红色，一眼看过去非常惹眼。那是陪伴新生们的新生助教，也是新生们的师兄师姐。
    初来陌生的校园，这些陪伴左右的师兄…"
2016-10-06 19:25,【“暨南新力量”系列】中外学子聚暨南 各国文化齐亮相,"    9月23日到24日，晚上，多元文化工作坊交流晚会在暨南大学华文校区和本部校区先后举行，各国学子纷纷展示自己国家的文化并相互交流。
华文校区：各国表演尽展异域风情
    在华文校区，一场多国服装秀拉开了帷幕。来自不同国家的暨南学子身穿本国的特色服装，从观众席走上舞台，观众掌声和欢呼声不断。除了马来西亚…"
2016-09-25 23:18,【“暨南新力量”系列】新生“艺术体验营”：给你不一样的体验,"    2016年8月初，随着录取通知书到达16级暨南大学新生手里的，还有一封给新生的信，信中提到了一个“艺术体验营工作团队”，选拔一批新生提前入学参与体验，激发了广大新生的兴趣。
    9月12日，成功选入“艺术体验营”的新生先于其他小伙伴来到了暨南园，“艺术体验营”开营仪式在学生…"
2016-09-18 21:35,大学第一课——校友访谈会,"9月16日，由暨南大学学生会珠海校区执行委员会举办的校友访谈会在行政楼一楼国际会议厅如期进行。本次访谈会邀请了南航通用航空有限公司副驾驶孙柏添学长、到藏区支教的自主创业者陈婷学姐、珠海市知名律师孙敏学长和银行主管李辰学姐，与珠海校区的新生志愿者分享他们大学生涯的点点滴滴和工作道路上的欢喜坎坷。

（…"
2016-09-13 00:37,为迎新同学，南校齐准备,"   
    金秋九月，暨南园将盛情迎接2016级新生的到来。9月19日，暨南大学2016级新生将入学报到。今年，暨南大学南校区将迎来2800名左右新生，目前，南校区各单位迎新准备工作正紧锣密鼓展开。
有序细分工，部门齐合作
    整个迎新工作将做到：周到细致，准时完成，热情服务，快速处置。校区各单位有序分工，紧密合作…"
2016-09-01 13:25,“矢量”情怀，坚定自己的方向,"    2016年8月24至26日，一场主题为“地产争霸”的大型商战比赛在佛山金融城富豪酒店举办，来自暨南大学等多所大学的共18支学生队伍，模拟开发商、建材商、建筑商、银行与传媒行业，进行三天两晚的激烈角逐，争夺各行业第一。
个人情怀，开始创业
    这场商战由广州矢量卓绝教育科技有限公司（以下简称&ldqu…"
2016-08-29 10:57,夏天了我的夏天——记国际商学院2016台湾实习营,"柴静用记者的眼睛看见了大事件中默默无闻，但感动人心的人和事，我们也要学会用我们的眼睛，去看见，用我们的心，去体会，能在生活中发现美好的人，一定是最幸福的人。

(实习营学员在垦丁骑行)
台湾之行，不多不少，刚满三周。用21天的时间，或许可以让人养成阅读、思考的习惯，又或许可以让人学会感悟人生、思考人生…"
2016-08-28 11:01,中国文化之旅：让暨大学子在行走中思考,"    7月17日，三百多名师生从暨南大学校本部出发，开始了一段难忘的旅程。他们参加的，是由国务院侨务办公室主办的中国文化之旅活动，这是暨大的品牌活动之一，每年寒、暑假，学校都会组织一批以外招生为主的同学去往全国各地，游览祖国大好河山，深入了解每个地方的文化，感受不同于课堂的教育体验。
    今年暑期的文…"
2016-07-06 18:41,五彩华章祝校庆 赤子之心献给党,"    7月1日下午，暨南大学礼堂迎来了 “颂歌献给党”-庆祝建党95周年暨迎校庆110周年2016年教职工合唱比赛。本次比赛由校工会委员会承办，来自24个二级工会，共17所代表队参加。最终，5支代表队获得金奖，其中外国语学院、新闻与传播学院、教育学院、艺术学院四院联队带来的民族歌曲表演格外引人注目。
你方唱…"
2016-07-01 10:30,“挑战杯”金奖背后的故事,"在近期落下帷幕的“挑战杯·创青春”广东大学生创业大赛中，暨南大学取得了不错的成绩，其中“矢量卓绝教育科技有限公司”“iLeading景区导航科技有限公司”两个项目更是摘得金奖。
高校内的模拟商战
2016年“挑战杯”决赛中，拿走金奖的是四个大男生，他们是“矢…"
2016-06-26 20:45,美国交流生遇上暨南学子：原来我们有很多相似之处,"    近日，我校珠海校区举行第五届全球学习营闭幕仪式，来自威斯康星大学欧克莱尔分校的美国交流生结束为期十天的学习营。在这十天里，他们与buddies（我校志愿者的代称）共同参观广州、珠海两地的企业，游玩名胜古迹和学习中国文化，两国学生建立了深厚的友谊。临别时，他们互相赠送礼物，以纪念彼此陪伴的点点滴滴。
…"
2016-06-17 11:20,【“暨南奥斯卡”系列报道】姜南瑾：舞·动人生,"    个子高挑，一双匀称健美的长腿下穿着显眼的玫红色NIKE运动鞋，姜南瑾的外形让人联想起活力四射的运动达人。荣获我校“5A卓越引领计划”中“体育之星”的姜南瑾是国际学院药学专业2012级学生，她曾担任NIKE校园形象大使，同时也是UNIQUE舞蹈团队的创始人之一。
舞出独特——UNIQUE舞团…"
2016-06-17 11:09,【“暨南奥斯卡”系列报道】“暨南之星”彭君麟：从公益到创业，一直在路上,"    彭君麟是暨南大学环境学院2012级环境科学班的学生，作为一个准毕业生，在离开学校之前获得“暨南之星”这个奖项，是他的一个心愿。“我们学院是14年成立的，我很开心为学院拿下了第一个‘暨南之星’”。
从 “学环科”到“做公益”
    抱着“以后找份高薪…"
2016-06-15 09:11,【“暨南奥斯卡”系列报道】见证“暨南奥斯卡”成长的那些人,"    6月2日下午，被誉为“暨南奥斯卡”的“5A卓越引领计划”颁奖典礼在校本部礼堂举行。今年是“5A卓越引领计划”启动的第四年，颁奖典礼上，获奖的“星星”们一直在变化，但是还有一些人，四年来从未离开，见证着“5A卓越引领计划”的成长。
叶志海：遇到困难的时候…"
,,
2016-06-08 17:35,大榕树音乐节，一场冰与火之歌,"    晚上9点，像过去的三年一样，邓博铭来到了吉他社，作为吉他社的社长，他今晚的任务是要把大榕树音乐节的发票交给社联的负责人。
    金陵广场在夜晚总是热闹非凡，大妈们随着音乐认真地跳着广场舞，学生们参与着各种社团活动。尽管看上去，吉他社只是安静地坐落在金陵广场的一角，但在邓博铭心中，并不是如此。
   …"
2016-06-07 19:43,【“暨南奥斯卡”系列报道】“公益之星”刘佳盛与他的“壹众”故事,    “进取不止，自强不息，热爱学术更热心公益。”2016年6月2日，在被誉为“暨南奥斯卡”的“5A卓越计划“颁奖典礼上，作为“公益之星”的刘佳盛与大家一同唱响主题曲《最闪亮的星星》。当唱起这一句时，刘佳盛感想良多，初入学的懵懂少年成长为今日的闪烁明星，由他一手创办的…
,,
2016-05-31 10:29,平凡生活也有英雄梦想，我校学子收到世界四大名校OFFER,"【个人简介】洪希柠，女，汉族，1994年6月11日出生，共青团员，我校国际商学院金融学2012级学生。
【获奖情况】2012-2013年度优秀学生三等奖学金、2013-2014年度优秀学生二等奖学金;2013年全国大学生数学建模竞赛国家二等奖、2013年全国大学生电工数学建模竞赛国家二等奖、2014年美国大学生数学建模竞赛国际二等奖;暨南…"
2016-05-24 13:00,青春健康同伴教育服务部：用同伴教育让你“大方地谈‘性’”,    “在小的时候，你们的爸爸妈妈是否有带你们去参观过这些展览呢？反正我爸妈没有~”主持人蒙恬的一个问题将大家的注意力吸引到屏幕中正在放映的图片上，图中是一位女性弯腰向小朋友讲解着什么，蒙恬解释，这是一场以性为主题的展览。这是5月15日晚的医学院408活动室，由暨南大学医疗青年志愿者服务队青春健…
2016-05-23 17:33,与你相遇好幸运——剑桥大学,"那是一串火花，一次远行，亦是一场思考。
时隔三个月，再次谈起寒假在剑桥修学(Cambridge Academic Development Seminar)的那段时光,脑海中依旧满载着美好。
初入眼帘，令我印象极深的便是剑桥大学保持完好的古典风格建筑，无论是国王学院的哥特式，还是纽南学院维多利亚时代的建筑风格。都显得格外庄重而典雅，厚重中…"
2016-05-26 09:23,对话“东方的希腊”：暨南学子巴厘岛公益行,"钴蓝色没有一丝沾染的天与海，原著居民清澈淳朴的眼眸与单纯善良的心，家家户户门前供奉的神龛与每天虔诚的祈福，是我对巴厘岛最深的印象。

然而在这一份原始与自然美之下，却是教育资源的相对匮乏的窘况，没有人回应孩子们渴求知识的大眼睛，没有人告诉他们怎么应对来自世界各地歧视异样的眼神，更没有人用心呵护他们…"
2016-05-20 09:22,两岸学子在首届海峡两岸暨南结构模型大赛中建构友谊之桥,"5月15日，我校在曾宪梓科学馆举办了首届海峡两岸暨南结构模型大赛暨第九届暨南大学结构模型大赛，台湾暨南国际大学的同学们也参加了此次大赛。我校理工学院的志愿者同学接待了这群从海峡彼岸来的客人，并与他们共度三天。
比赛“大开眼界”，期待你来我往互学习
15日下午，首届海峡两岸暨南结构模型大赛正式…"
2016-05-09 20:23,罕见病公益人潘龙飞：我从“外星人”变成人类,"    近日由暨南大学珠海校区团工委学术科技部举办的真人图书馆活动在暨南大学珠海校区行政楼三楼多功能厅举行。“阅读之前，没有真相”。而笔者要阅读的是一个关于“罕见”的故事，探询关于罕见病的“真相”。

（罕见病公益人潘龙飞作客暨南大学珠海校区真人图书馆）
    故事的主人公…"
2016-05-09 20:24,我校珠海校区真人图书馆：打破观念的沟壑,    你无法控制生命的长度，但是你可以在生命过程中扩宽你的见识，走近他人的生命，了解更多人生的可能；你可以与他人面对面，感受他人的温度，翻阅他们的故事，获得更多的人生体验。近日，我校珠海校区就举行了这样的一场“真人图书馆”。这一次供大家阅读的“图书”有旅行摄影师－行者老湖、肚皮舞…
2016-05-09 13:21,调查：珠海校区的我们，安全吗？,"    近日，一条消息在暨南人的朋友圈迅速流传，内容大意为珠海校区五位同学目睹一全裸黑瘦男子在1栋二楼自习室门口面对女生宿舍进行某不雅行为。虽校方随后即赶往现场调查，但该男子早已不见踪影。
    一时间，该事件在珠海校区掀起轩然大坡。由于当事人称“该名男子并未在校内见过”，而类似事件也曾发生在…"
2016-05-05 09:27,南校区跆拳道社：帅气的不仅仅是回旋踢,"    帅气的回旋踢，气势十足的口号， 整齐划一的姿势……暨大南校区T2宿舍楼架空层里，身穿跆拳道服的跆拳道社员在一遍又一遍练习着自己的动作。这，就是跆拳道社在分部南校日常训练的场景。他们的风采经常吸引来往的学生的目光。

（社员在练习腾空侧踢）
   我校跆拳道协会是在2011年由学生社联与文贤跆…"
2016-04-15 16:20,向诺奖大师提问是怎样一种体验？,"
    “Check that ego at the door——不要过于尊重而失去了主见。”这是Heckman教授送给每位勇敢探索学术问题的同学的勉励之言。
    3月14日，2000年诺贝尔经济学奖得主James J.Heckman教授受暨南大学经济与社会研究院以及国家外国专家局的邀请，访问暨南大学。此行，Heckman教授给数百名师生带…"
,,
2016-04-12 15:32,我校学子陪伴城市流动儿童学摄影,"    “姐姐，我们一会儿是要到操场拍照吗？”一个脖子上围着红领巾，胖乎乎的小男孩跑过来问刚刚走到课室的志愿者，听到肯定的答复后，他兴冲冲的进入课室，大声地告诉他的同伴。
    这一幕发生在珠海市香洲区广昌小学。我校的五位摄影爱好者在远博社会工作促进中心的社工张悦的带领下来到学校，义务开设为期…"
2016-04-06 11:46,迈向高水平·暨大的青藏高原之声,"    我校正在努力建设成为国内一流、国际知名的高水平大学，这承载着千千万万我校师生的期望。迈向高水平大学，需要师生通力共进。让我们一起来听一听来自我校的青藏高原之声！学子去西藏服务，西藏学子来我校求学，传播知识与渴求知识的碰撞，文化的交流，援藏和互相进步永不停歇。
带着“忠信笃敬”志愿服务…"
2016-04-06 09:18,最美支教女生—07级陈婷别样的创业与公益生活,"    2015年5月，陈婷创立了致力于健康养生的西遇品牌，并且自品牌创立以来一直秉持着“把最原生态、最天然的藏区产品带给大家，把更好的生活带给藏民”的理念，让大家更多地了解藏区，了解“健康是最富贵的财富”。

（陈婷与藏区小朋友）
    正是这一份特殊的创业经历培养了陈婷对西藏不一样的…"
2016-03-31 11:19,“挑战杯”创业团队打造椰糠环保产业链,本届挑战杯所涌现出来的创业团队只是我校创新创业人才的一个部分。为响应国家“大众创业、万众创新、创新驱动发展”战略，推进高水平大学建设，我校出台了《暨南大学高水平大学建设与综合改革方案》，将创新人才培养机制作为改革的重要任务之一。挑战杯涌现出来的创新创业团队，也是我校围绕立德树人根本任务，培育高素质…
2016-03-29 09:00,“风光爱好者”黄启乐：高处的热爱,"    在2015年的最后几天，黄启乐在他的LOFTER上发了一段感慨：
    “2015最后一爬，很快就会迎来2016。一年时间过得真快。今年是我对摄影最投入的一年，几乎有时间我就会拿起相机往外跑。我被嘲笑过，被称赞过，也被自己质疑过，但是，其实能够从摄影获得快乐，就是最纯粹的满足，何必在乎太多？希望2016仍能带着…"
2016-03-29 08:36,在这股倒春寒里，你是否感受到了他们的温度,"    在暨南园中，你是否注意到有这样一群人，他们默默工作，就算节假日也仍然坚守在自己岗位上，发光发热。正是他们，给这股倒春寒增添了一丝温暖。
  
 （早点师傅清晨制作早餐）
    凌晨三点，当多数人都还沉浸在甜美的梦乡，食堂师傅张圣文早早地从住处出发，在昏暗的路灯下骑着车来到食堂。他的工作是和同事一起…"
2016-03-21 11:41,“时光机”的故事：怀着热诚不断前进的暨南人,今年，时光机剧组打算推出 “毕业季”创业项目，帮学生拍写真、MV，同时会跟合作方合作拍小短剧。对于未来的发展方向，他们将会尝试各种各样的风格，不断地摸索适最适合时光机的发展道路。
2016-03-07 08:50,这个春节，暨大AIESECer过得不一般,2016年寒假，我校共有45名AIESEC成员分赴印度、汕头等各地开展志愿服务，其中海外志愿者25人，国内志愿者20人。AIESEC是全球最大的由青年领导的组织，致力于提供一个供青年学生发展自身领导力的平台。AIESEC成员们被称为AIESECer。
2016-01-15 15:50,爱科研爱生活的“正能量王子”,"    
    “上进、自律、颜值高”，用这三个词来形容这个身高1米8的大男生再合适不过了。他当过班长、喜欢打篮球、组织过院系元旦晚会。大学校园里，钟爱运动还热心集体事务的男生总是特别受欢迎。不同的是，刘光天一不小心让这份欢迎来得更猛烈了些，获得第十四届“挑战杯”全国大学生课外学术科技…"
2015-12-21 19:05,我校学子创新商业模式公益推广无公害稻米,"    一群大学生在支持生态建设的前提下，利用新媒体工具和商业模式的创新帮助农村增加收入，丰富收入来源结构，他们是怎么做到的呢？
    近日，暨南大学珠海校区创行团队在香洲区柠溪文化广场摆摊，向路过的市民推广销售由斗门区新农人稻菜生产合作社出产的生态米。现场为路人提供了米饭和配菜试吃，引起附近社区的不少…"
2015-12-16 16:49,【微信】征集令｜我要，上好课！,"我是一条
-征集令-
邻近期末，听了一学期的课
或许很多节课，你都昏昏欲睡
或许很多节课，你都低头玩着手机
(不说实话可以吗)

但是
总有一节课让你兴趣盎然
精彩的课程，我们一起分享

你心中的精彩好课是怎么样的
可能是这样的......
吸引了全班的目光

(田明，暨南大学社会科学部讲师)
 
也有可能是…"
2015-12-14 09:03,世界广府人恳亲大会上的“暨南红白蓝”,"    12月2日-4日，第二届世界广府人恳亲大会在珠海横琴召开。会议期间，暨南志愿者早早地通过培训上岗，分组完成了随团服务、前台接待、VIP接待等工作。红色的风衣，白色的裤子，蓝色的腰包，“暨南红白蓝”成为世界广府人恳亲大会上一道靓丽的风景线。
    志愿者们的工作主要有：随团服务，协助、指引嘉宾上…"
2015-12-11 09:29,【北极光30周年】第一届“北极光”冠军得主黄若雄的两三事,再谈起“北极光”，黄若雄感慨万千，“北极光能举办30年，并仍然充满生命力，绝不是幸运使然。”黄若雄说，“是因为从第一届起，学生们在办大赛时就能吃得起苦，把起点抬得很高，把立意做得很好，而历届的同学们也传承着这种精神，才能让它在广州这样的环境中发光发热。”
2015-12-08 15:40,“饭团”们的美好回忆,"“饭团”是我校珠海校区勤工助学饭堂服务部的同学们对自己的昵称，一直以来，“饭团”们忙碌地穿梭于饭堂中，擦桌子、接餐盘、卖早餐......如今，这些已经成为他们美好的回忆——11月底，经过学校领导和饭堂承包公司负责人的讨论后，我校珠海校区的饭堂服务部成员调岗到其他勤助部门。

…"
2015-12-07 10:50,【微信】暨珠，我依旧和你相爱,"    每年开学季，广州本部总有涌现一批新面孔，除了鲜嫩嫩的大一新生，里面还有一大批从珠海回迁本部的大三学生。曾经在珠海的两年生活，印在他们美好的青春纪念册上。我常常听珠海回迁的学长学姐感慨暨珠的美好，怀念在暨珠的生活。今天，小楠就做一个记录者，写下他们对暨珠的爱恋。
 

    “暨珠很安静，很惬…"
2015-12-01 12:05,书说故事情，人闻书香味,"    “真人图书馆”来啦！近日，2015年图书馆宣传月系列活动之一，暨南书悦会暨“悦人·真人图书馆”活动在南校区图书馆正式启动。
    本次活动中，五本“真人图书”分享了自己的真实故事，读者阅读气氛高涨，“真人图书”与读者之间相互交流，碰撞出思想的火花。&ldquo…"
2015-12-01 10:53,关爱自闭症儿童，为爱而跑,"    11月26日下午，“益路同行，心系未来”环校公益跑活动于南校区文化广场举行。
    学校党委副书记、副校长叶勤宣布志愿者文化节开幕，首发活动公益环校跑随即展开。环校跑队伍绕田径场一圈后，沿弘义路前行，横跨镜湖博文桥，经五洲英才广场，到南门前的广州路，最终沿弘仁路返回田径场。环校跑队伍由各学…"
2015-11-26 19:18,翻译学子连续五年上榜“韩奖”，获奖高招你知多少？,"我校翻译学院选手连续五年在“韩素音青年翻译奖”竞赛中获奖，共计21人次，连续三年在全国参赛高校中位列全国前三、广东省第一。

"
2015-11-25 17:01,粤港学子联合打造休闲之所,"    10月28日，我校大学生创新创业实践基地在南校区揭牌，由暨大粤港学子联合自主打造的创新创业实践平台——四洲紫菜生活馆同时开业。
    紫菜生活馆由四洲集团董事局主席、我校校董戴德丰资助，这里的员工几乎都是粤港学子，开业短短一个多月就深受广大学子的喜爱。
设计独特，地势优越
    紫菜生活馆的…"
2015-11-19 12:44,北极光：暨南园里的“中国好声音”,    “如果世界太危险，只有音乐最安全，带着我进梦里面，让歌词都实现。”音乐是人生的调味品，它能带给青年美的感受，而暨南大学的北极光歌唱大赛（以下简称“北极光”）更是一个绚烂的舞台，作为暨南园里的“中国好声音”，它一直把最动听的声音呈现给观众，激励热爱音乐的学子。最近，…
,,
2015-11-18 09:51,毕业30年返校 64栋旁踢足球,"    2015年11月15日，是我校109周年校庆日，也是81级校友毕业30周年返校日。81级历史系和81级生物系的校友在校庆前一天从世界各地赶回来， 在曾经的64栋前组织了一场别开生面的足球赛。
30年前，同在64栋的打闹中成长
    1978年我校复办，学校安排历史系和生物系学生住在64栋（现苏州苑41栋）。当时男女混住，男生住一…"
2015-11-17 17:25,ONESHOW暨大广告团队在“绕圈+跑步”中斩金,品牌店的顾客在展架上拿出一双鞋子，然后惊讶地掏出鞋子里面的小鞋(ashoeinashoe)，最终镜头定格在鞋子的标签上，上面显示贫困山区儿童的照片。
2015-11-14 14:06,"【微信】清晨五点半,你是暨南的第一道曙光","    每天凌晨5点半，暨大学生们都还在熟睡中迎来明天的曙光，然而宿管阿姨还在坚守、食堂工人还在忙碌、保安和清洁阿姨还在坚守岗位。请跟随记者，去了解他们的工作状况。 
这是清晨五点半的暨南
清晨五点半，天还是黑的。
黑暗中的一点光亮
大部分来自宿舍楼下的值班室。
阿姨说她需要通宵值班，
夜很长，时间也很…"
2015-11-23 09:02,连续五年上榜韩素音翻译奖 暨南高招你知多少？,    10月17-18日，宁波大学公布第二十七届韩素音青年翻译奖竞赛结果，我校有五位翻译学子在比赛中取得佳绩，其中刘平华、邓惠、陈思佳获英译汉优秀奖，陈晨、赖天成获汉译英优秀奖。在这个国内最高级别的翻译比赛里，我校翻译学院的学子连续五年榜上有名，获奖总计21人次。近日，记者走访翻译学院师生，了解翻译学院连获…
2015-11-10 16:27,从学生到兼职辅导员的距离,"    她是一个普通的大二学生，在同学眼中，她是一个可以依靠的朋友；而在大一新生的眼中，她是一个严谨认真、体贴温柔的兼职辅导员。看到这，你是否有疑惑？其实，她并没有那么神秘。她是14级环境科学专业本科生李亚妮。



（李亚妮在辅导员办公室办公）
勇敢出击，抓住机遇
    谈起成为兼职辅导员的经过，李亚妮…"
2015-11-04 09:34,万圣节，医学院学子“打鬼”内外招生打成一片,"    10月的最后一个晚上，医学院院楼门口排起了长龙，楼里也多了一些特别的“动静”，原来这里正进行惊心动魄的万圣节“鬼屋”活动。
    “鬼屋”活动由医学院团委学生会主办，主题为“百货公司”。活动设置了5个片区，包括餐厅区、乐器区、小丑区、理发区、时装区。参加活动…"
2015-10-27 17:31,开学至今，“小葡萄”忙什么？,"    一个半月前，一群“小葡萄”怀着对美好大学生活的无限畅想从全国乃至世界各地来到我校。在美丽雄伟的暨南拱门前，他们拍照留念，也留下了“努力让自己成为优秀暨南人”的雄心壮志。
    经过新生训练营的“热场”、紧张有序的学习、社团组织招新的磨练以及各种比赛的考验后，现在&ldq…"
2015-10-27 15:37,高绩点的语言达人,"    上大学前就考过雅思、托福，现在担任班长职务、绩点遥遥领先，精通西班牙语……他是国际学院的大二学生Kevin龙志钰。
经历独特，优势明显
    Kevin是一名华侨，9岁那年便跟随父母到巴拿马（位于中美洲的小国家），在那里Kevin接受了小学和中学教育。“我所在的学校是全英授课，所以我的英语还不…"
2015-10-26 11:37,我校学子用蚯蚓净化垃圾在世界舞台获得认可,"    10月14-16日，以中国区总冠军身份代表中国参赛的我校创行团队，在2015年南非创行创新公益世界杯赛上进入全球24强，并最终获得三等奖。他们带去的“绿动未来”项目将焦点定在利用蚯蚓堆肥的方法实现厨余垃圾资源化循环再利用上。目前，这一技术已经得到应用推广，并推出了农政企三方合作模式。

（我校创…"
2015-10-21 09:47,我校学生创业团队众筹制作“新生之夜”蛋糕,“新生之夜”蛋糕来自我校一个学生创业团队的Wecake项目。Wecake以“情感定制，共享互联网个性生活”为宗旨，着力去打造高效的“互联网+定制”的O2O新模式。
,,
,,
2015-10-16 10:24,【创新创业】细胞大厦的“建筑工”,"
   
    帮心脏制作创可贴，为人体角膜寻找替代品，这些看似高难度的任务，却是一群本科生几乎每天要面对的。今年9月，“组织工程板层角膜的体外快速三维重建”项目在教育部主办的第八届全国大学生创新创业年会上，获得“优秀学术论文”及“最具眼光奖”，年轻的团队在老师的指导下，又…"
2015-10-16 10:09,【创新创业】绿色创意 环保梦想,"
  
    在第八届全国大学生创新创业年会上，一个“大家伙”吸引了大家的目光，来自暨南大学环境学院的团队凭借这套“有害气体净化装置”一举拿下“最佳创意项目”及“我最喜爱项目”两项大奖。
    2014年，几个因绿色青年志愿者服务队（以下简称“绿青”）结缘的…"
2015-10-08 15:23,【暑期三下乡】搭一座通往世界的彩虹桥——关注自闭儿童,"
一个下乡旅程
二大导师
三位帅哥
四大物资准备
五天旅程
六个学院尖子
七个调研考察方案
八件团队主要工作
九位美女
十分完美
    真正接触到自闭症儿童时，你就会深刻体会到自闭症的另一个名称——孤独症。看着他们纯净如水的眼睛，内心会被感动，也会有微微的刺痛感：他们就在你眼前，你却难以走…"
,,
2015-10-08 15:16,【文化之旅】探访大漠古国 追寻西夏文明,"
    7月19日，暨南大学2015年中国文化之旅夏令营西夏团的29位师生顺利抵达宁夏回族自治区银川市，开启了学习考察宁夏历史文化、民族风情、宗教文明的“移动课堂”。
初遇回乡文化，溯源“一带一路”
    “银川信是米粮川，秋实如云喜报连”，如我开国元勋董必武先生所说，银川素有&ld…"
2015-10-08 15:06,【文化之旅】最是“暨”情俏江南,"
    “扬子滔滔连珠江，暨南教泽播八方，百年沧桑千里路，一朝涅盘出凤凰……”如果不是因为置身在灯火辉煌、熙来攘往的上海外滩街头，大家还会以为是一场精彩的校歌合唱比赛，这是来自暨南大学中国文化之旅江南团的同学们在上海外滩街头的一个有趣小片段。
    2015年7月19日至23日，27名暨大…"
2015-09-25 10:49,【暨南新面孔系列之九】暨南人 一起来“点亮”创意造型,“RUNNING JNU”、“JNU 109”、“FUTURE”、“七彩梦”，每一次创意造型的最终呈现，都需要上千名新生的共同努力，需要老师、新生志愿者、老生在幕后辛勤付出。“这不单单是一个个简单的创意造型，也是我们暨南人的创新创造、奋进拼搏、团结协作精神的体现。”
2015-09-18 11:07,【暨南新面孔系列之七】“小葡萄”的力量角逐,"    9月15日，我校南校区2000余名新生组成12支学院队伍，在南校区田径场上进行拔河比赛。赛场上人头攒动、院旗飘扬、欢呼声与加油声此起彼伏。运动员们劲头十足，在这场力量角逐中赛出了风采、赛出了魄力。
    此次拔河比赛采用三局两胜制。初赛分为A、B、C三组，每组有三个学院，在小组内夺冠者即可出线，参加复赛。生…"
2015-09-18 09:31,【暨南新面孔系列之六】新生助教：万紫丛中一点红,"    新生训练营开营以来，学校各个角落都被星星点点的紫色点缀。万紫丛中，总有那么几点红色穿梭其中，他们便是新生们的助教。这些助教大多数由大二的同学担任，在新生班级中起着不可或缺的纽带作用。
    “我喜欢参加各种各样的活动， 想和小葡萄们一起玩，也为学校做一点事，所以就报名当助教了。”英语专…"
,,
,,
2015-09-14 15:16,【暨南新面孔系列之二】初入暨南园,"初遇暨珠 很温暖
    当我迈下车，迎面而来的不仅有纯净的风与阳光，还有一张张绽放着温暖微笑的脸庞。在这片葱茏广袤的绿色中，洁白的建筑优雅地伫立，志愿者们活跃的红色身影书写着青春与热情的赞歌。
 
    在友好的保安大叔的指引下，我来到了图书馆架空层。会场中人影匆匆，忙碌而不失有序。我绕着红色的长桌走了…"
2015-06-13 09:55,赤脚践行赤心 深旅播撒深情 ---中央电视台报道深圳旅游学院郑鹏翔同学的…," 

	
	    引言：2015年6月初，暨南大学深圳旅游学院郑鹏翔作为大学生创业典型人物，出现在中央电视台财经频道的《第一时间》栏目中。短片简要报道了郑鹏翔在校创 业的成果，引发了社会上不小的关注。在此，我们想更深入地为大家介绍郑鹏翔的在大学期间的成长故事和创业历程，于是就有了以下这篇约访。
	 
	
	     …"
2015-06-10 10:50,“优秀”是如何“炼”成的,"    · 你以为最牛博士就是能在SCI一区发表两篇论文？“十佳党员”、生命科学技术学院博士生付耀武还是沉着冷静的灭火英雄，水生所实验室的大师兄，带领师弟师妹们潜心科研。
    · 你以为最牛学霸就是每天泡馆学习拿高绩点？“十佳党员”、理工学院本科生马凯捷还在四年期间听了132场…"
2015-05-26 10:46,暨珠创行团队前往珠海小林小学宣讲鹤舞知识,"    5月22日下午，暨南大学珠海校区创行团队奔赴珠海市金湾区小林实验小学，给四年级的四个班，共204位同学带来了“鹤舞升平”——珠海市非物质文化遗产进校园之三灶鹤舞知识宣讲活动。
    5月的珠海阴雨绵绵，创行团队一行11人仍然准时到达了小林实验小学。在简单的自我介绍后，“小老师&rdq…"
,,
2015-05-18 11:11,世界那么大，一起来看看？, 5月11日晚，“暨南梦·人文行：世界文化之旅”决赛在珠海校区学生活动中心成功举行，现场笑声连连，精彩不断。
2015-05-15 10:57,闪耀在暨南园的“星星”,“5A卓越引领计划”积极配合我校“宁静致远”工程实施，成为了学生学习的“第二课堂”，共表彰了20个“5A卓越班集体”，10名“暨南好班长”，300名“优秀学子奖励计划”标兵奖获得者。
2015-05-15 10:57,闪耀在暨南园的“星星”,“5A卓越引领计划”积极配合我校“宁静致远”工程实施，成为了学生学习的“第二课堂”，共表彰了20个“5A卓越班集体”，10名“暨南好班长”，300名“优秀学子奖励计划”标兵奖获得者。
2015-05-13 13:32,暨珠Gobay——电子产品购物新体验,“Gobay”是暨南大学珠海校区首个线上全面电子产品店，是由电气信息学院13级学生司武洋创建。谈及“Gobay”，司武洋充满信心，这一切是源于他平日的学习与沉淀。
2015-05-06 15:39,南校区师生“晨跑夜跑”有了新路线,"    4月30日下午，南校区“五一”环校跑活动在五洲广场拉开帷幕，刘洁生副校长和近百名师生一同参加了活动。 
    刘洁生表示，开展环校跑活动的主要目的是丰富校园生活，大力推动全民健康活动的广泛开展，强健师生体魄，增强集体凝聚力，弘扬暨南人自强不息、开拓进取精神。随后，刘洁生带领师生们沿着&ldquo…"
2015-04-27 10:23,暨南有寻觅你的目光：同窗解密你不知道的汪国真,"    2015年4月26日，凌晨两点十分，著名诗人汪国真因肝癌于北京逝世。
    1978年秋季，汪国真入读暨南大学中文系。也是在暨大，汪国真发表自己的“处女作”，从此开启了自己的“诗歌路”。
    2006年，暨大百年校庆时，他不仅接受了校庆电视专题片《百年暨南》的采访，参加了庆典活动，还为精心…"
2015-04-21 11:37,暨大学子“新女神”蔡洁闪耀香港电影金像奖红毯,"     第三十四届香港电影金像奖19日晚于香港文化中心落幕，除星光熠熠的最佳男女演员奖外，代表“新女神”的最佳新演员奖也备受关注。艺术学院影视系2011届毕业生蔡洁凭借电影《人间小团圆》中小护士一角的优秀表现获最佳新演员奖提名。

（《人间小团圆》剧照）
    蔡洁2011年毕业于暨南大学艺术学院影视…"
,,
2015-04-21 08:36,进取之星黎广志 ：香港少年的逆袭之路,"    黎广志是典型的香港男生，T恤加牛仔裤，笑容腼腆，还有不甚标准的普通话。“我的普通话已经好了很多，现在能正常跟别人交流了。但是大一刚来的时候，既说不好也听不懂，日子真的很难过。”黎广志笑着说。

进取之星合影（后排左二为黎广志）
   从学渣成长为学霸
    黎广志是以港澳台免试招生的形式入…"
2015-04-13 11:38,“兵爽一夏”真人枪战在暨珠打响,"    雨夜漆黑，两队士兵在人迹鲜有的教学楼里来回穿梭。暗处，一名士兵扣下扳机，不远处另一名士兵头盔上的闪灯旋即熄灭，“You are LOST!”电子音在走廊中回响……你能想象吗？这一切，都发生在教学楼！
真人抢战 拼的是智力
    4月8日，暨南大学珠海校区创行团队（Enactus）主办的“兵爽…"
2015-04-03 09:12,生存大挑战：在陌生城市的36小时,"    收走你所有的钱财和证件，把你丢在陌生的城市，你的目的只有一个，那就是和队友一起生存下来，并赚足回学校的钱，限时36小时。你，能做到吗？
    3月22日，由暨南大学珠海校区创业实验室主办的“生存大挑战”落下帷幕，挑战者们伴着日暮的光辉回到校园，他们中间有三组队伍取得了令人惊讶的成绩：第十二…"
2015-04-01 16:37,老牌协会新突破：跑男进社团，娱乐健身一手抓,"    3月28日下午，顶着烈日，一群大学生在珠海校区来回奔跑呐喊，激情洋溢。一场别开生面的“Running Man”活动正式拉开了帷幕。
    本次“Running Man”活动由珠海校区篮球协会、健身协会主办，摄影协会协办，活动由翻卡牌、健身亮歌喉、篮球铁人赛以及RM&MONEY四个环节组成。活动要求以队伍…"
2015-03-31 10:45,黑白琴键上的追梦人,"
    在第23届“美国音乐公开赛”中，他一身黑西装搭配白衬衫，缓步走向钢琴，鞠躬，坐下，手指在黑白琴键上舞蹈，悠扬动听的旋律从指间倾泻而出。音起，是灵动的音符在指间翻飞；曲罢，是绕梁余音久久不散。这次比赛他获得了青年高级组第三名，中国作品高级组第一名的佳绩，成为我校钢琴表演专业首位获得国际…"
2015-03-29 21:37,暨南学子获《广州日报》“我的春节故事”优秀摄影奖,"    国际商学院2013级国际经济与贸易专业郝嘉奇同学获得《广州日报》“我的春节故事”摄影大赛优秀摄影奖。

（郝嘉奇同学的获奖作品）
    郝嘉奇的作品摄于大年初二，主体内容为外公外婆、爸妈互相搀扶的背影，一家人春节在安徽合肥一个公园游玩，展现了不可分割的亲情。
    3月28日，郝嘉奇赴广州领奖…"
2015-03-16 11:37,走进4.05的学霸世界,"    来自管理学院注册会计专业的周林同学，在大一第一学期就获得了GPA（平均绩点）4.05的好成绩。为此，新闻社对其进行了专访。
学霸外表：高绩点并非偶然
    与很多大学生不同，比起参加各种各样的社团活动，周林更喜欢读书。每一门课前，她都会先预习新内容，而课后，她也复习老师上课讲的内容。宿舍—图书馆&m…"
2015-03-10 18:07,这一天 女生都是女神,"    3月7日中午时分，珠海校区小罗马广场上，迎面走来的女生们穿着美丽，笑靥如花，身旁不时穿梭着骑着自行车的送花小分队。只要招招手，小分队便会停下将手中的花送上。因为，这一天，是女生节！
提早一天做女神
    女生节向来是颇受高校学生欢迎的节日。今年，珠海校区部分班级的男生们提早一天便给女生们过节，送上…"
2015-01-16 16:32,暨南园的“材子佳人”,    在12月26日结束的“5A卓越班集体”和“暨南好班长”评选中，2011级材料科学与工程、高分子材料与工程班（简称材料班）的“材子佳人”独领风骚，不仅班长陈睿鹏一马当先拿下“暨南好班长”，材料班也以第一名的成绩将“5A卓越班集体”称号收入囊中。寻访这些&ldquo…
2015-01-16 15:59,动力源自责任,"
    “把手上的每一件事做好，无论大小，那便是优秀。责任是我前进的最大动力。”李童被评为首届“暨南好班长”时如是说。
    李童，艺术学院2011级导演系学生，担任了三年班长。一个冬日下午，在静谧的小白楼里，我初次见到李童。憨憨的他有点呆萌。
一个好汉三个帮
    自入学以来，李童一直…"
2015-01-05 17:31,数字植物博物馆：把植物搬上屏幕,今年10月18日，在由教育部、科技部主办的第七届全国大学生创新创业年会上，我校“绿色家园”团队与来自全国近300所院校的240个项目同场竞技，最终获得十大“最佳创意项目”奖。
2014-12-24 09:42,对话南校区：校医室你知多少？,"    近日，冷空气一波又一波地来袭，南校区校医室接诊病例大幅上升。为此，记者对南校区校医室的医生们进行了采访，为同学们解答关于校医室就诊的疑问。

(南校区校医室）
    Q:同学们在什么时候来看病最合适？
    A：非急诊病患正常上班时间看病最为合适。虽然校医室24小时均有校医值班，但同学们普遍在中午和晚饭…"
,,
2014-12-19 11:28,公益出行你我共参与 维护自行车学生齐献计,"    10月下旬，南校区公益自行车正式投入使用。浩浩荡荡的骑车队伍是南校区每天最靓丽的一道风景。
    随着南校区设施的日益完善，学校为了更好的方便同学们的出行，免费提供的自行车已经从当初的150辆增加到了250辆。
    可是，与此同时，校园骑车也出现了一些不文明的行为，许多自行车都遭到了不同程度的破损。为此…"
,,
2014-12-05 21:34,不只是“吃”这么简单,"    对于刚刚结束高中生活的“小苹果”们来说，下晚课后约三五好友，奔赴食堂，共享宵夜是一种别样又新鲜的体验。近日，南校区食堂更新了宵夜菜式，陆续推送各地特色美食，既满足了“小苹果”们对美味的追求，也为他们提供了一个聚会和社团活动的最佳场所。
我的宵夜我做主
    暨南学子们来自世界…"
,,
,,
2014-11-27 12:00,国际健将级女子三级跳运动员李艳梅：是比赛就要认真对待,"    11月21日下午，第四十一届校运会正火热开展，记者早早来到旭日运动场等候李艳梅的到来。
    李艳梅是经济学院国际贸易专业一名研二学生，也是国际健将级女子三级跳运动员。今年校运会她一人包揽了三个项目：女子跳高、女子三级跳远和女子400米接力赛。

（李艳梅参加女子跳高）   
“参加跳高比赛和400米接…"
,,
,,
2014-11-21 10:24,学经济的新闻人 政经班的“小公主”,"    “这不是我们班的合照吗？”一位校友刚来到经济学院门口，就看到海报栏上的老照片，她很快就找到了当年的自己。这个身穿白色小西服，蓝色长裤，留着短发，时髦而不失大气的女士就是关雅文，经济学院政治经济学专业84届校友、广州日报社副总编辑关雅文。
“梦想开始的地方”——缘起经…"
,,
2014-11-12 10:58,笑洒热血迎黎明," 
 

	
		
			
				
			
		
	

    座落在浙江杭州西子湖畔的浙江省革命烈士纪念馆和浙江衢州市革命烈士纪念塔都阵列着衢州市六烈士的事绩。其中有一林维雁，因为是女性而格外引人关注和敬仰。人们称赞她为衢江女侠，也有人把她与著名先烈，秋瑾女侠相媲美。她们确实都是为中国革命而献出生命的巾帼英雄，只是…"
,,
,,
,,
,,
,,
,,
2014-09-09 08:57,现代诗人汪国真：诗集连续25年被盗版是我的奖杯,     四川在线消息（四川在线记者王玥）热爱文学的70后文艺青年，一定熟悉“汪国真”这个名字，他曾创作的“既然选择了远方，便只顾风雨兼程”“没有比脚更长的路，没有比人更高的山”等诗句被人们口口相传。今日，他一袭深蓝格子衬衫，出现在了宽窄讲堂——新诗会的现场，分享…
2014-09-05 23:51,符保卢 参加过奥运会的明星 白市驿驾机训练失速坠地,"    
    长相英俊的符保卢的母亲是俄罗斯人后裔，他是中国空军另一个传奇人物。参军前，他参加过奥运会，主演过电影，名声在外。
1914年，符保卢出生在吉林省滨江县，1927年，在哈尔滨举行的首届联合运动会上，13岁的符保卢夺得童子组50米、100米和200米赛跑3个单项亚军，获得总成绩第2名。
1930年，在全国第四届全运…"
2014-09-05 23:46,“金陵五烈士”陈镇和曾是国脚 参加过柏林奥运会,"
陈镇和(1906-1941)
被统称为“金陵五烈士”的五位抗战中牺牲的空军英雄陈镇和、彭仁忭、李鹏翔、周竹君、孟广信，都是南京金陵中学的毕业生。现代快报记者昨天向金陵中学多位老师求证，发现陈镇和不仅是为国捐躯的英雄，还曾是国家队的“国脚”，代表中国参加过1936年的柏林奥运会。
在金陵中学…"
2014-07-22 22:36,我校96级经济法本科毕业生黄山同学获选ALB“中国十五佳法律新星”,"近日，ALB（《亚洲法律事务》）评选出了中国2014十五佳律师新星，我校96级经济法本科毕业生黄山同学当选。

 
黄山同学系我校1996级经济法本科毕业生，现为广东广悦鸿鼎律师事务所律师，兼任广州市天河区第八届人大代表、广州市工商联、广州市天河区工商联执行委员会委员、广州市青年联合会，委员、广州市律师协会第八…"
,,
2014-06-12 16:29,“第三所大学”,我想教育的核心或者乐趣可能更在于此，不是为了应付考试或者拿得证书，单纯是为了一种知识的乐趣以及人文的关怀而听而做，从这个角度来说，暨大文化素质讲堂可算得上暨大一笔宝贵的资源，也是我生命里的“第三所大学”。
2014-05-28 16:52,大学生帮村民建微信平台卖菜,"    （暨大新闻社/蔡青）又是一个明媚的周末，珠海市斗门区莲江村村民黄豆奶奶刚刚将自家的黄豆磨成豆浆，盛满了两个铁桶，准备前往农产品交易市场开始贩卖，一天下来，可以赚到一两百块。年逾七十的黄豆奶奶也许从未想过自家种的一点蔬菜粮食，还能给她的生活带来一些财富和乐趣。

    一年前，她和其他留守在莲江村的…"
2014-05-28 16:52,暨大学生帮村民建微信平台卖菜,"    （暨大新闻社/蔡青）又是一个明媚的周末，珠海市斗门区莲江村村民黄豆奶奶刚刚将自家的黄豆磨成豆浆，盛满了两个铁桶，准备前往农产品交易市场开始贩卖，一天下来，可以赚到一两百块。年逾七十的黄豆奶奶也许从未想过自家种的一点蔬菜粮食，还能给她的生活带来一些财富和乐趣。

    一年前，她和其他留守在莲江村的…"
2014-05-21 11:02,搭建师生桥梁，沟通从“学代”开始,     校园无线网络开始逐步实现全校范围覆盖；刷卡门禁系统悄然出现在各栋学生宿舍楼；一度让路人掩鼻的明湖如今已是碧水扬波……这些与每个暨南人学习生活息息相关的变化与一个名叫学代会的学生组织不无关系。这是一个低调却不简单的组织，在学校和学生之间发挥着独一无二的桥梁作用。2014年5月，记者采访了…
2014-05-20 15:51,义跑，助学广西山区,"    （暨大新闻社记者/黄嘉伟）5月15日，暨大“义跑，助学广西山区”活动在校本部举行。作为暨大校团委经营了8年的传统志愿服务品牌项目，今年的广西爱心助学首次搭载“color run”形式，既延续了往年的爱心传统，又以新颖方式吸引了更多师生参与其中。

“第一次”！ “很好玩很有…"
2014-05-13 22:49,风雨兼程二十载 爱国之心永不变,"    5月的清晨，朝阳初上，图书馆前的国旗台红旗迎风招展。嘹亮激越的口号，慷慨激昂；整齐划一的踏步，雄姿勃发。回首间，暨南大学国旗护卫队已走过风雨二十载。
既然选择守护 便只顾风雨兼程
    “责任，荣誉，忠诚”这是暨南大学国旗护卫队队训精神。
    每个周一的清晨，暨南园国旗飘扬的图书馆广场上…"
2014-05-12 18:06,母校的明天一定会更美好," 
    5月7日晚，我校2014年优秀学生访澳团一行39人圆满结束为期4天的参访活动，顺利返校。在马有恒会长及广大澳门校友的关心和大力支持下，本次访澳活动内容丰富、行程紧凑，反响热烈，收获颇丰。
 
校友们的热情令人感动
 
    “马有恒会长邀请我校优秀学生访问澳门已经是第22个年头”，出发前，当同学…"
,,
,,
2014-05-06 09:39,天上掉下个“暨妹妹”,一个不加V的非官方微博却拥有高达3万的粉丝量； 一个拥有百宝袋的神秘“暨妹妹”； 一个集特立独行、乐善好施、八卦卖萌多重风格于一体的信息发布平台； 她，就是“@暨南大学暨南人网”。 
2014-04-08 15:50,D:FUSE杯暨南大学第二届主持人大赛报名火热进行中,"聚焦话筒，舞台完备灯光就绪；

声动暨南，四区齐聚精彩汇集；

任何专业，不限年级，只要怀有主持梦，比赛的大门向你敞开！报名火热进行中！

 


冠军奖获得价值3000元的奖品，决赛选手赛前将会得到一线主持人或播音员的专业指导，还有机会代表学校参加多校联合的“Mic dream” 主持人大赛。

 
主办…"
time,title,intro
2017-12-29 09:03,褚春天：暨南精神在军营里的实践者,"大学生应征入伍，是怎样的体验？在拥有5万多名学子的暨南园中，褚春天，成为了一抹鲜亮的风景。
		“阳光、帅气、有担当”，是我校学工部部长区向丽见到褚春天的第一印象，这位我校体育学院2014级本科学生，于2016年9月20日，响应国家号召，来到了武警某师，成为了一名新兵。短短三个月，他便拿到了“最美新兵”“爱军习…"
2017-12-27 16:34,第六届优秀学子奖励计划“学习之星”“风尚之星”答辩,"12月1日，第六届5A卓越引领计划之优秀学子奖励计划“学习之星”、“风尚之星”答辩会于校本部学术报告厅举行。两场答辩会由学生处主办，理工学院承办，学校、各校区相关职能部门领导担任两场答辩会的专家评委，各学院主管学生工作领导和辅导员老师担任学院评委。
		
				学习之星：“勤奋好学，砥砺前行”
		
		“学…"
2017-12-27 16:08,第六届优秀学子奖励计划“学术之星”“进取之星”答辩,"11月30日，我校第六届5A卓越引领计划之优秀学子奖励计划“学术之星”、“进取之星”答辩会在校本部学术报告厅举行。本次答辩会由学生处主办，生命科学技术学院承办，学校相关职能部门领导担任两场答辩会的专家评委，各学院主管学生工作领导和辅导员老师担任学院评委。
		
				学术之星：“上下求索，格物致知”
		
		…"
2017-12-27 16:03,第六届优秀学子奖励计划“创业之星”“艺术之星”答辩,"11月29日，我校第六届5A卓越引领计划之优秀学子奖励计划之“创业之星”、“艺术之星”答辩会在番禺校区图书馆报告厅举行。本场答辩会由学生处主办，外国语学院承办，学校相关职能部门领导担任两场答辩会的专家评委，各学院主管学生工作领导和辅导员老师担任学院评委。
		
				创业之星：“追逐梦想，创新无限”
		
		…"
2017-12-27 15:57,第六届优秀学子奖励计划“自强之星”“体育之星”答辩,"11月28日，我校第六届5A卓越引领计划之优秀学子奖励计划“自强之星”“体育之星”答辩会于番禺校区图书馆学术报告厅举行。本场答辩会由学生处主办，经济学院承办，学校相关职能部门领导担任两场答辩会的专家评委，各学院主管学生工作领导和辅导员老师担任学院评委。
		
				自强之星：“永不言败，心存感恩”
		
		来…"
2017-12-27 15:49,第六届优秀学子奖励计划“暨南之星”“领袖之星”答辩,"11月27日，我校第六届5A卓越引领计划之优秀学子奖励计划“暨南之星”和“领袖之星”答辩会在番禺校区图书馆学术报告厅举行。本场答辩会由学生处主办，管理学院承办，44位候选人齐聚一堂，尽展暨南学子风采。学校相关职能部门领导担任两场答辩会的专家评委，各学院主管学生工作领导和辅导员老师担任学院评委。
		
				
…"
2017-12-21 12:07,林英才：怀赤子之心为初心与使命奋斗,"林英才，国际关系学院2015级国际政治专业，老挝第四代华裔。曾获中国政府奖学金(CSC)、暨南大学新生奖学金、暨南大学华侨华人一等奖学金等奖励，荣获我校第六届“5A”卓越引领计划领袖之星荣誉称号，现任我校学生代表大会华侨华人留学生代表、第一届老挝学生联合会主席。
		
				
		
		(林英才)
		
				从零开始创…"
2017-12-21 16:03,叶耀坤：仰望“星”空与脚踏实地,"叶耀坤，理工学院应用物理学专业2014级学生，学习绩点专业第一。曾获国家奖学金等多项奖励，发表中文核心期刊论文一篇、获我校第六届“5A卓越引领计划”暨南之星标兵奖，入选我校本科优异生培养计划，已推免为北京大学直博生。
		
				
		
		（叶耀坤）
		
				仰望星空：播撒“5A”的种子
		
		三年前，作为亲友…"
2017-12-21 11:36,JNU暨语团队：助力网络思政 服务学生发展,"随着第六届“5A卓越引领计划”之优秀学子奖励计划答辩会的落幕，JNU暨语团队又多了2名闪耀的暨南“星星”。自此，这个仅有19人的团队已诞生5颗暨南“星星”。
		
				JNU暨语团队成立于今年3月份，由一群有梦想、有想法、有激情的暨南学子组成。团队以我校学生学习与发展官方微信平台为主阵地，专注网络思政，
				就…"
2017-12-21 09:22,暨南有一群“暖心”人,“在教学过程中我才知道，教的内容简单是一回事，如何把这个内容教好又是一回事。”暨南大学人文学院暖心志愿服务队队长叶若茵分享了队员杨洁发表的心得。暖心人将人文关怀薪火相传，默默奉献，希望通过教学帮助帮扶对象培养独立自主生活和与人正常交往的能力。在一次常规教学中，杨洁表示，笔画、汉字等对很多人来说都很…
2017-12-20 09:32,暨南青年说|听港人港事，做“超级联系人”,暨南青年说是港澳台侨青年学生成长和分享的沟通平台，听暨南人成长成才的故事，说青年人责任担当的理想。
2017-12-18 16:18,珠海校区志愿者助力2017年广东省旅游文化节,12月12日，2017年广东省旅游文化节在主会场珠海大剧院举办，本次活动围绕“活力广东·浪漫珠海”主题，以建设“粤港澳大湾区”和“港珠澳滨海国际休闲旅游目的地”为目标，把广东旅游文化节办成推介旅游形象、开拓国际旅游市场、促进产业融合、推动招商引资、加快城市发展升级和群众广泛参与的惠民节庆活动，实现经济效益…
2017-12-18 17:25,免费修电脑！珠海校区“电脑义修队”获赞技能高服务好,加入电脑义修队，每个人都有自己的“小心思”：2017级包装陈卓坚想要通过电脑义修队为电脑故障的同学提供一条有效且便捷的维修通道；2017级电信蔡泽林希望自己掌握技能的同时，锻炼人际交往能力，帮助他人，与人为善；2016级软工林树豪则希望利用自己的专业优势，学以致用，能让自己学到的知识在实践的同时帮助到别人………
2017-12-15 21:09,我校港澳台侨志愿者助力《财富》全球论坛,"12月6日，以“开放与创新：构建经济新格局”为主题《财富》全球论坛在广州开幕。经过广州《财富》全球论坛组委会志愿服务团队及团广州市委等选拔，我校共有174名同学成功入选，其中多名港澳台侨学子参与此次论坛志愿服务工作。
		
				
		
		
				
		
		(无人机团队)
		在我校举办的《财富》全球论坛誓师大会上，…"
2017-12-12 17:09,暨南青年说|用4天时间，看澳门这些年的变化,"12月4日至7日，学生处处长区向丽、番禺校区党工委常务副书记林晓灵、经济学院常委书记张志带领优秀澳门学生访澳团一行28人，参加为期4天的社会实践考察和学习交流活动。
		12月10日，第三届“暨南青年说”在番禺校区紫菜生活馆举行，优秀澳门学生访澳团的同学们就社会实践畅谈自己在澳门的所见所闻所得。本次活动由学生…"
2017-12-08 09:10,【微信】多彩暨南人 | 7天一条片！毕业半年入驻珠江新城，暨大这群年轻人…,从团队成立之初，就不断地有人问陈嘉瑞，你们的核心价值是什么，为什么要选择你们？
,,
,,
2017-11-23 17:08,袁晓露：在兴趣的指引下做好一件事,"一块大石头终于落地了。9月17日，袁晓露终于拿到了我校的学术保研名额。这意味着她终于可以在一年后与青睐的上海交通大学(后称“交大”)相遇了。
		
				
		
		（袁晓露在挑战杯国赛现场）
		袁晓露是我校新闻与传播学院2014级新闻学的学生，9月28日，她在推免服务系统接受了交大的待录取通知。她喜欢旅游，也是一个…"
,,
2017-11-22 17:16,Spicy!在Oneshow大赛玩转广告是怎样一种体验,"“现在要颁布的第四个获奖作品，是由暨南大学Spicy!团队创作的《开学大吉》，恭喜！”背景音乐响起，Spicy!团队走上舞台，接受金奖这一荣誉。这也是本次我校出战Oneshow中华创新竞赛取得的最佳成绩。
		
				
		
		(Spicy!团队现场合照)
		One Show中华青年创新竞赛作为The One Club for Art & Copy在全球推出的…"
,,
2017-11-06 11:32,【微信】多彩暨南人｜拿金奖，玩快闪！他们是有趣有料的暨南和声,"
				
						
								“哒哒哒哒哒……”一串快节奏的脚步声响起，国际学院辅导员何小勇像一阵风似的穿过走廊，大步踏进办公室。
								天色将晚，教学楼的课室里，新闻与传播学院星亮教授正在讲台前，上着今天的最后一节课。
								与此同时，化学与材料学院辅导员李逸凡坐上了从番禺校区开往校本部的校车，华…"
2017-11-06 09:35,蔡子悦：公益是一件我们应该做的事情,蔡子悦，曾任团工委青年志愿者协会珠海校区分会活动组干事，现任我校日月湖艺术团民乐团副团长、打击部部长，策划并参与了青年志愿者协会的会员队员招新、红十字急救员考证、最长的电影等活动，作为听梦队服务队队员定期出队进行志愿者工作，作为爱心邮寄固定成员长期与阳江小朋友进行通信，于2017年暑假参与巴基斯坦志愿…
,,
2017-10-31 11:20,2017新生杯辩论赛打响，新闻与传播学院辩论队赢得初赛胜利,10月22日下午我校新生杯辩论赛初赛于番禺校区教学楼323拉开序幕。由深圳旅游学院对战新闻与传播学院。辩题为“人际交往中，隐忍和坦率哪个更能消除矛盾”。深圳旅游学院队伍为正方，认为隐忍更能消除矛盾；新闻与传播学院队伍为反方，认为坦率更能消除矛盾。反方以7:2的成绩取得本场胜利，来自新闻与传播学院的杨嘉熹当选…
2017-11-09 11:25,我校运动员征战耐克精英挑战赛收获颇丰,10月14日，第八届耐克高校精英挑战赛落下帷幕。在本届比赛中，苏炳添以我校代表团领队的身份带领18名运动员出征比赛。经过一个上午紧张激烈的角逐，我校健儿在各个项目均有斩获——莫有雪以10秒88的成绩获得百米飞人大赛季军，人称“澳门飞人”的吕艳兰以12秒26夺得女子100米亚军，大一新生骆一格在跳高比赛中荣获第三名…
2017-10-27 10:53,林英才：立志成为外交官的老挝华裔留学生,"林英才，我校老挝华裔留学生，国际关系学院国际政治专业。我校学生会老挝学生联合会(筹)发起人，学代会常务委员、华侨华人留学生代表，学生领袖成长计划高级研修班学员，新生训练营优秀学生干部，四海书院学生会优秀部长；曾获暨南大学新生奖学金、华侨华人一等奖学金、中国政府奖学金等。
		十九大有一句话形容我辈青年…"
2017-10-17 09:32,张越然：15岁入读暨大，靠的是99%的汗水,"
				
				
		
		
				9月9日，在大多数同龄人还坐在高一的教室里的时候，15岁的张越然拿着大学的录取通知书，从最北端的黑龙江来到了南方滨海小城珠海。她跨越了三十个纬度，踏上人生的另一段征程。
		
		
				“我不是神童”
		
		张越然4岁就上小学，读完一年级以后，她的母亲作主让她跳过了二年级、直接读…"
2017-10-12 16:35,创意暨南园  多彩“暨南瓜”,"对于很多人来说，周五的来临意味着放松的周末，而对于三位“暨南瓜”的创始人来说，周五则是新的忙碌的开端——她们要在每周五推送新漫画并着手准备下一期的选题和绘制。
		运营这个公众号已有一年半的时间，她们的生活也如同笔下的漫画，多彩而有趣。
		
				“坚持是因为热爱”
		
		“暨南瓜”公众号创立于2016年…"
2017-09-21 16:41,【微信】同校同专业，双胞胎兄弟一起上暨大,"今年九月，
暨大迎来两个特别的新生！
他们分别是哥哥成泓道和弟弟成泓达，
他们都被暨南大学理工学院
光电工程系录取，
将在暨南园续写他们的传奇故事……"
2017-09-21 16:31,【微信】新生揭秘｜他们来自暨南，也来自少数民族,"
				1.马伟 
		
		人文学院 行政管理专业
		
				
		
		
				东乡族：
		
		“图中是我们的传统民族服饰，在人民大会堂拍的，少数民族晚会上我被邀请过去当观众，还有幸见到了习大大！”
		
				2.张梦尔
		
		文学院 汉语言文学专业
		
				
		
		
				俄罗斯族：
		
		“我的童年记忆中有过复活…"
2017-09-21 10:28,暨南有一群追梦的“一带一路”学子,"2017年，我校迎来了来自50多个国家和港澳台地区的10208名学子，其中包括了来自乌兹别克斯坦、土耳其、斯里兰卡、沙特阿拉伯、马来西亚等“一带一路”沿线国290多名学子。
		来到我校已经十余天了，“一带一路”沿线国学子除了和内招新生一样参加本科新生训练营和研究生入学教育，还体验了龙狮文化。无论是新生还是老生，…"
2017-09-21 17:05,【微信】责任心+高颜值，或许他们是暨大第一对双胞胎助教,来自新闻与传播学院2016级广播与电视专业的双胞胎兄弟黎子政、黎子治，就是这些助教中的“两份子”。去年入学时，这对长相几乎一模一样的高颜值 “蓝精灵”（2016年的新生训练营营服为蓝色，故16级新生被称为“蓝精灵” ） 就十分吸睛；今年双双穿上红色助教服的他们，又再度成为人群中的焦点。
2017-09-15 11:51,王煜莹：默默绽放的暨南播主女孩,"初次见到王煜莹的时候，你很难把她和“2017年暨大播音与主持艺术专业总分第一名”联系起来。并不像大家传统印象里的“播音女神”一样成熟大气，相反，王煜莹有着小女生独特的单纯与可爱，简单的披肩发，淡淡的妆，笑起来眉毛弯弯……
		“看到‘恭喜你’三个字的时候，激动得在马路上跳了起来。”回忆起自己拿到暨南大学…"
2017-09-13 11:24,姜熙泽：我想成为一个厉害的暨南人,舞台上的他自信从容，舞台下的他谦和有礼。他就是我校2017年本科新生训练营的新生代表——姜熙泽。作为一名播音与主持艺术专业的学生，他对艺考有着独特而深刻的理解；热爱公益的他曾在西昌参加过学校组织的山区支教活动，也曾前往青海开启一段义工之旅，收获颇丰；初入大学，他已参加了“百人团”和校内学生组织的招新，…
2017-08-17 11:50,国际公益游，暨南大学汉族、苗族学生携手秘鲁华裔学子发现苗乡文明旅游发…,2017年夏，暨南大学珠海校区人文学院思源·寻根大学生团队在广西壮族自治区柳州市融水苗族自治县大年乡，实地调研旅游产业发展对农村农业、生活用水水质影响。秘鲁华裔学生Wha San Antonio Chong Yi、苗族大学生梁胜与来自全国各地大学生一道翻山越岭，调研当地旅游业发展状况，向当地居民传播可持续发展的观念。学生团队…
2017-07-10 17:09,厉害了，我校高颜值学霸变身10w+音乐自媒体大V！,新闻与传播学院前任研究生会主席？硕博连读的高颜值学霸？新华社、南方周末的特约撰稿人？NO，这些都已经不再是他的标签。现在的他，是国内最“燃”的音乐自媒体“民谣故事”的创始人。他就是王悦，我校新闻与传播学院2013级博士生。
2017-06-02 15:34,曾子博——在创业之路上砥砺前行,"简介：2016年年底，暨南大学第五届“5A卓越引领计划”的获奖名单公示。来自2013级行政管理专业的曾子博，凭借“矢量商战”项目，荣获暨南大学创业之星标兵奖。
初见曾子博，戴着副眼镜的他给我一种文质彬彬的感觉，打扮得非常整洁，当递上矢量商战的介绍资料时，谦让得体的他没有一点架子。在采访的…"
,,
,,
2017-06-02 15:16,毕业季|学术之星孙瑾：筑梦暨南，青春无悔,孙瑾个人简介：女，翻译学院翻译专业2013级学生。综合测评专业第一，获暨南大学优秀学生一等奖学金、优秀学生干部一等奖学金;入学相继担任珠海校区艺术团司仪队队长、翻译学院学代团团长、校晨星英语报主编;以第一作者身份于B类核心期刊和公开期刊发表论文各一篇，以副主编身份出版专著一本;曾于世界500强金融公司、环球…
2017-05-25 11:39,【优秀毕业生分享】国际学院刘怡涛被华为腾讯相中的前前后后,"编者按：他山之石，可以攻玉。每个个体都有特殊性，你不必成为第二个谁谁谁，但你可以从他们身上看到很多。作者刘怡涛被华为和腾讯先后相中，他是13CST(计算机科学与技术)全英文计算机科学与技术专业中第二个去腾讯的，第一个是12CST的张金栋。
这篇文章是我早就想写，同时受赫栋峰老师和何小勇老师多次连环催促，才在临…"
2017-05-24 23:53,【群星闪耀暨南】“风尚之星”郑汶珠：怀着善心，在公益创业道路上前行,    “以善为行”是郑汶珠的生活理念。来自我校国际关系学院华侨华人研究院2014级国际政治专业的郑汶珠，获得了第五届优秀学子奖励计划的“风尚之星”，并且成为了第十二届中国大学生年度人物候选人之一。她积极促进港陆青年之间的交流，任我校香港校友会青年部副部长，举办过香港40周年周庆等多项交…
,,
2017-05-27 17:07,【外招生分享】暨南大学，遇见最好的你,"【个人简介】Kun Hung To (管洪韬)，,生于1996年9月5日，现就读于我校商学院的15财务管理，是一位香港的外招生，现任国际商学院团委、学生会信息编辑部正部长，曾获“港澳及华侨学生奖学金”三等奖。
诗与远方
高晓松说：“生活不止有眼前的苟且，还有诗和远方。”
我曾无数次幻想过海对岸的景象…"
2017-05-22 09:11,想就壮志凌云 做就脚踏实地,"
“统筹帷幄决千里，计成棋落定全局。万水千山携手过，岁久天长心不离。这里，是大统计的江湖。”打开经济统计学2014级团支部的微信公众号，这样的豪言壮语让人印象深刻。
闪闪发光的成绩单
“我们的目标是，让这个集体成为同学们一生美好的回忆。”13位班委和团支部干部，从最一开始，就决定为集…"
2017-05-17 11:14,身边的好心人：我校学生吴俊杰助66岁老人回家,"5月8日晚九点左右，我校药学院研二学生吴俊杰和同学在回宿舍的路上，发现一位老人躺在中山大道的一座立交桥底下。
据了解，老人刘宪奎是天津人，今年66岁，从老家骑车旅行到广东，在折返的路上被大雨困在立交桥底下。因看不惯老人家受累，吴俊杰不仅给老人送去晚餐，还和另外两名同学凑钱给老人买了车票。当晚，吴俊杰还…"
2017-05-17 11:12,【群星闪耀暨南】进取之星李依璠：我们都在追求一个更好的自己,“对于我而言，进取不仅仅指学习成绩方面的进步，更是生活上的一种进步，一种为未来努力奋斗的成果。”“进取之星”称号的获得者、力学与建筑工程学院工程力学专业2014级学生李依璠对“进取”二字有独到的见解。正如她的获奖感言：“上天是不会辜负努力的人的，每一次的发奋努力，必…
2017-05-14 12:44,【群星闪耀暨南】你所不知道的暨南“奥斯卡”,    5月14日下午，暨南大学第五届“5A卓越引领计划”颁奖典礼在校本部礼堂举行。“5A卓越引领计划”是广东省学生工作精品项目，也是暨南大学激励和引导学生的重要评价机制，在改革完善学生评价激励机制过程中发挥着龙头作用，成为学校高水平大学建设过程中，深化人才培养模式，创新人才培养机制的重…
2017-05-13 23:11,【群星闪耀暨南】来自香港的“星星”们：敢想敢做 活出精彩,"    在暨南园，有来自115个不同国家和地区在校华侨、港澳台和外国留学生11814人，高居全国第一。其中，有一群来自香港的有激情和拼劲的学子，成为暨南园耀眼瞩目的“星星”。让我们走近这些香港杰出学生代表，感受暨南香港青年的独特风采。
“风尚之星”郑汶珠：为爱而行，敢想敢做
    郑汶珠，曾…"
2017-05-13 21:18,【群星闪耀暨南】2014级华文教育A班：虽然国别不同，但我们心意相通,"    “天行健，君子以自强不息。地势坤，君子以厚德载物。”伴着悠扬典雅的音乐声，礼堂舞台上传来了声情并茂、抑扬顿挫的朗诵声。这是华文学院2014级华文教育A班的同学们在为第五届5A卓越引领计划颁奖典礼上的节目进行紧张彩排。
    华文学院2014级华文教育A班在本次5A卓越引领计划中成功获得了“卓越…"
2017-05-13 18:04,【群星闪耀暨南】“暨南之星”林凯基：在跳出舒适区的过程中步步成长,林凯基，来自力学与建筑工程学院2013级工程力学班，荣获第五届优秀学子奖励计划“暨南好班长”与“暨南之星”。学业上，他勤勉求实，曾获国家励志奖学金、南航十分关爱励志奖学金、金龙鱼奖学金；学术上，他热爱钻研与挑战，将第四届中南地区结构模型大赛二等奖与广东省大学生头脑奥林匹克挑战赛（超…
2017-05-12 23:03,【群星闪耀暨南】领袖之星：用行动践行责任 用引领诠释卓越,"   “动人以言者，其感不深；动人以行者，其应必速。”榜样的力量是无穷的，“5A卓越引领计划”所选出的“星星”们是暨南园中的榜样，而番禺校区历经三年培养出来的第一批“领袖之星”是独具风貌的榜样。
    以下是对番禺校区六位“领袖之星”的采访问答。

（从…"
2017-05-11 18:24,【群星闪耀暨南】自强之星：奋进踏新路，自强谱华章,    在暨南大学第五届“5A卓越引领计划”评选活动中，番禺校区诞生了一群特殊的“星星”。他们有着共同的特点——志存高远、百折不挠、自立自强，他们各具特色：既有大家口中的艰苦奋斗的“学霸”，也有迎难而上、热心公益的“志愿服务能手”；既有数次获奖、经验丰富…
2017-05-08 20:43,“offer收割机”黎凯龙谈求职：积极准备，主动出击,"提起黎凯龙，同学们都对他印象极深。被称为“男神学霸”“offer收割机”的他不仅成绩优异、荣誉累累，还赢得了多家名企的青睐，令同学们钦羡不已。
黎凯龙，2013级金融工程学生，曾获国家励志奖学金及企业奖学金，参加数学建模大赛获得美国大学生数学建模大赛国际一等奖等荣誉，曾获普华永道offer，…"
2017-05-08 11:16,【外招生分享】暨南大学，谢谢你,"【作者简介】Wee Yong Yeow (黄荣耀)，马来西亚华人，现就读于暨南大学商学院的15国际经济与贸易专业，现任国际商学院团委、学生会公关国际部副部长，曾获“华侨华人学生助学金”一等奖和“华侨华人学生奖学金”二等奖。
已经大二的我，回想起刚刚踏进暨南大学的情景，依然如昨日般清晰。还记得2015…"
2017-05-06 21:52,【群星闪耀暨南】2014级应用物理学班：闪闪满天星，聚是一团火,"“境自远尘笃坐定，物含妙理总堪寻。他们以思考作桨，创新为帆，各展才华，见物寻理，一路携手，共同前行。”这是班主任赵传熙眼中团结友爱的2014级应用物理学班，也是是本次5A卓越成长计划中的“卓越班集体”之一。
当之无愧的卓越班集体
“我们班是名副其实的‘5A班集体’，班上…"
2017-05-03 16:10,【留学生分享】在奋斗中成长 成为人生的掌舵者,"【个人简介】：Ng She Moon （马来西亚华人）  国际商学院2014级国际商务专业
犹记得在一个炎炎夏日，我来到了暨南大学。前一晚上我辗转反侧无法入眠，我独身一人来到异域他乡也好奇着未来将面临的挑战。转眼，我已在这里度过了两年半的大学生活，再也不是当时青涩不懂事，时时需要寻求学长学姐帮助的新生，相反我成为了…"
2017-05-02 14:15,【美国加州大学圣地亚哥分校交流分享】Do Something Different,"【个人简介】陈睿贤，我校国际商学院2015级财务管理专业，共青团员，汉族。个人座右铭: One day your life will flash before your eyes. Make sure it’s worth watching.

(陈睿贤)
加州之旅是人生中随时回头都能见到小山坡
走过郁郁葱葱的山林后
我又回到一览不见边的大平原
我无法证明我曾见过那山中的桃…"
2017-04-28 15:04,暨南园，有你，我的人生才精彩,"2013年9月7号，我怀揣着忐忑又兴奋的心情，跨进了蜚声海内外的暨南园。从这刻开始，我进入了人生的新阶段。国际商学院设在珠海校区，宽阔的水泥路面两旁，树木葱绿茂盛，教学楼、生活区配套完善，布局井然有序，我开始憧憬即将到来的四年大学生活。

多姿多彩的大学生活迥异于以往两点一线的中学生活。不同的教室、不一…"
2017-04-27 16:22,慕雪城主：找寻真实的自己，是摄影师也是文学博士,你可能不知道他到底是何方神圣，但你对他的照片应该并不陌生：水晶球里的大拱门、与富力教学楼同框的超级月亮、春天里缤纷多彩的暨南园……这些屡屡占据暨大官网首页、在微博上被疯转、偶尔还在朋友圈刷个屏的图片都出自他手——他是暨南大学2016级的文学博士生刘汉波，而他更为人所熟知的名字是&l…
2017-04-19 16:01,【法国图卢兹高等商学院交流分享】图村，一场不愿醒来的梦,"【个人简介】李志春，国际商学院2014级财务管理专业，曾获国家励志奖学金，优秀学生二等奖学金，A类挑战杯立项，D类挑战杯获省赛金奖，商业精英挑战赛三等奖，入选暨南大学优异生培养计划， 国商院优秀团支书等荣誉。座右铭：To be different。

(李志春在法国)
返校第一天，文老师问我感觉这次交换如何，一时竟语塞不…"
2017-05-22 16:20,【文莱大学交流分享】怀念在文莱四个月的每一个晴天,"七月盛夏，热情豪迈，带着满满激情到了文莱达鲁萨兰国。这四个月里的每一个晴天，我都很是怀念。

(文莱海滩)
自由的教学风格
与国内无异文莱大学(UBD)也是一样的学分制体系，没有学期有规定修满的课程和学分，但老师教学的风格却有所差异。每周的课分为lecture和tutorial，lecture是老师上课而tutorial就是学生展示…"
,,
2017-04-14 11:33,【美国威斯康辛交流分享】Embrace the Unknown,    【个人简介】胡培炜，国际商学院2013级金融工程专业，曾任国际商学院团委、学生会副秘书长，赴泰国公益项目志愿者，获暨南大学优秀学生奖学金，先后在中国工商银行、德勤中国、广发证券实习，并于2015-2016学年第一学期在美国威斯康辛大学交换学习。现已获美国罗彻斯特大学、约翰霍普金斯大学、马里兰大学等金融学硕…
2017-04-12 18:21,国家奖学金获得者——“全能”的明星体育生谢舒媛,"    2017年2月22日，我校管理学院2012级会计专业本科生谢舒媛及其主要事迹登上了《人民日报》，被收录在《国家奖学金学生代表名录》中：“做到了兼顾体育和学习，积极参与各类学术竞赛和科研项目，同时参加志愿者工作，热心帮助他人”。 

坚持不懈·奔跑15年的女飞人
第九届广东省大学生运动会优秀运…"
2017-04-07 10:48,【毕业生分享】保研之门关上后，他为自己打开了几扇窗,吴淦是国际学院2013级金融专业本科生，现已拿到北京大学、香港科技大学、香港大学、香港中文大学录取资格。
2017-04-13 15:52,【毕业生分享】做一个努力的人，好处远比你以为的更多,"【个人简介】
邵帅，女, 1995年10月生，中共党员，暨南大学国际商学院金融工程专业2013级学生，曾任百年暨南文化素质教育讲堂理事长、学院兼职辅导员、班长、学院组织部干事、校学生代表、青协志愿者等。大学三年GPA4.24，排名2/107，获得A类推免生资格。作为队长主持1项国家级大学生创新创业训练计划、1项校级大学生创…"
2017-04-07 09:36,【毕业生分享】士不可不弘毅，虽任重道远，我亦愿一搏,"唐若诗是国际商学院金融学2013级学生，曾担任暨南大学学生会珠海校区执委会秘书处副秘书长，暨南大学国际商学院团委学生会公关部干事，暨南大学学生艺术团司仪队。目前已被约翰霍普金斯大学、杜兰大学、马里兰大学金融硕士录取，最终选择了杜兰大学弗里曼商学院金融学硕士。
"
2017-04-06 16:58,【毕业生分享】逆流而上，道阻且长,【个人简介】刘芳，女，汉族，党员，国际商学院2013级金融工程学生，担任过国家级创新创业训练项目负责人，并参加过3个挑战杯项目，其中带队项目2个。大学四年总平均绩点4.17.曾获2013、2014年“优秀团员”称号，2014年优秀学生一等奖学金、2014年香港太阳国际金融集团奖学金，2014、2015年全国大学生数学建模…
2017-04-06 16:54,【毕业生分享】努力！奋斗！,陈溥江，暨南大学2013级金融工程学生，曾多次获得数学建模大赛国家级以及国际级殊荣，主持国家级大创一项，并在国际期刊发表金融研究论文两篇。2016年，经暨南大学国际交流处推荐，获奖学金前往美国常青藤之一的哥伦比亚大学交换。目前已获得曼切斯特大学、香港中文大学、香港大学、香港科技大学硕士录取，并决定入读于香…
2017-03-31 16:27,道别:大四准毕业生和他风雨无改的公益国学班,"“要毕业啦，给小朋友上的国学课程已经结束了。”郝嘉奇如是说。
虽然过去近三年来社区国学课程仍历历在目，但埋藏在硬盘深处的七十多份精心制作的课件已经不再更新，自2014年第一学期起每星期风雨无改的课程亦已告一段落。自此，每周五放学后的珠海拱北街道将军山社区服务站都少了一位社区志愿者和一堂公益国…"
2017-03-31 11:10,【2+2交换学习】遇见更好的自己,"去年四月，我从朋友那里得知了英国伯明翰大学的2+2项目，当时便下定决心努力争取一下。最大的一道坎就是雅思了。我利用周末时间准备了两个月，并且每天坚持背单词和练习听力，最后成功抓住了这个机会。
学会独立并照顾好自己
经历过一次初入大学，比起之前的不安与惶恐，这次更多的是憧憬和斗志。出发前对自己说，这是…"
2017-03-31 09:49,【挑战杯系列】新型光纤激光液压传感器科研团队：兴趣助我们走得更远,走进光子技术研究院的实验室，映入眼帘的便是满屋的精密科研器件。“这就是新型光纤激光液压传感器，这个器件可以测量任何物体的压力。” 光子技术研究院2015级硕士肖鹏指着一个四方的小器件介绍道。这个研究新型光纤激光液压传感器件的科研团队，由5位光子技术研究院的硕士生组成，分别是光子技术研究院的2015…
2017-03-29 09:56,"Nice Meeting You , Canada","这是一个零下十多度飘着雪的城市，却依旧让人想念。
喜欢这儿的学习 McGill
麦吉尔大学简称McGill，坐落在加拿大第二大城市蒙特利尔，常被视为“北方哈佛”或“加拿大哈佛”。其实在去之前我知道的也不多，很多都是来自百度的直观了解。但是在那学习的几个星期，却让我有了一些感受。McGill有一个…"
2017-03-22 11:22,今朝pro的背后：一个做着公益的创业团队,"广州“一模”考试刚过，应届高考生进入备战高考冲刺阶段，为自己心仪的大学奋斗。面对着未知的大学和陌生的专业，应届生往往会迷茫和不知所措。由我校创业团队研发的“今朝pro”微信公众平台应运而生，很有针对性的为应届生提供了大学的资讯和与学长学姐交流的平台。
对高校的宣讲流程的优化
创始…"
,,
2017-03-20 12:10,国际学院学子前往动物救助站开展志愿活动,"3月11日，为弘扬雷锋精神，国际学院食品质量与安全专业的近40位同学前往土华动物救助站进行志愿活动。

同学们抵达救助站后，开始为小动物们清理居所并分工进行喂食 。在与管理员苏小东的交流中，同学们了解到如果没有义工的帮助，救助站会比较冷清，一人照顾小动物压力较大。他很感激同学们能够有本次志愿活动，也希望…"
2017-03-19 12:15,【雷锋月】国际学院学子为市民普及药物知识,"2016级国际学院药学的17名同学积极响应号召，弘扬“热心公益、奉献社会”的雷锋精神，参与了以“学系于药，心寄于人”为主题的志愿活动。3月12日一早，PHA的同学们一同前往广州小洲村派发关于药物知识的传单，并向小洲村的村民普及基本药物知识。

在活动开展前，同学积极查找资料，结合所学的知识…"
2017-03-09 11:39,我的国考心路——亦余心之所善兮，虽九死其犹未悔,"宜未雨而绸缪，毋临渴而掘井
实诚地说，保守估计也该是十几年前，我就认为自己适合成为一名公仆。现在，男女都怕入错行。所以，找工作最好符合自己的理想和性格特质，实际上这样通过笔试面试也相对容易些，毕竟已经有很多方面是契合了。整个大四，我只面试了三次，后两次全部通过，可见精准定位自有它的优势。
这一次国…"
2017-03-06 09:24,我在加勒，天气晴——记斯里兰卡义工之旅,"“寒假，不为没意义的旅行出发”。最开始是被这句口号吸引，厌倦了普通的走马观花的旅行方式，怀着对这种新颖的一边做义工一边旅行的概念的好奇，和在陌生的地方做些有意义的事情的念想，我报名了EASIN国际义工旅行的斯里兰卡幼儿园志愿者项目。
初到斯里兰卡，这个热带岛国炙热的阳光便彰显了它的热情。在海…"
2017-03-03 11:00,"台湾东华大学,邂逅宁静的秋冬行","东华湖畔，凉风几缕，偶闻鸟鸣，低头观书，抬头闲看闲云漫散，大部分无课的午后，便是这么度过的，东华的午后，便是闲适如此。
2016 的秋冬之季，很幸运，是在这里，台湾东华大学度过的，这里人文风景，无不精彩。无论是欧式庄园式的校园，让人如沐春风里的老师和小店的阿婆，抑或是旅行的山和水，都是无法忘怀的动人时…"
2017-02-28 17:40,饱览灿烂文化，感受魅力京津——“一带一路·侨心同行”暨南大学中国文化…,"2017年2月18日，“一带一路·侨心同行”暨南大学中国文化之旅冬令营正式开营，共有10个团奔赴全国各地。中国文化之旅是国务院侨务办公室在暨南大学设立的一个品牌项目，至今已有三十年的历史。
今年首次开启京津文化线路(以下简称京津团)，旨在让更多到内地学习的港澳台侨学生了解祖国首都北京及天津的…"
2017-02-21 20:41,文化育人，暨南大学“一带一路•侨心同行”文化之旅冬令营走进东北,2月19日，来自世界近十个国家和地区的34名港澳台侨学生来到北国雪乡，开启了中华文化之旅。该团队是暨南大学“一带一路•侨心同行”文化之旅活动组织，沿路的大部分区域属于国家“一带一路”规划建设的范围内，师生们不仅能够领略祖国美丽的自然风光，探索我国不同宝贵的物质、非物质文化遗产，…
2017-01-11 10:08,【迈向高水平·“暨南之星”系列之六】李剑培：用公益宣讲传播暨南之名,"李剑培，生命科学技术学院2013级生态学专业学生，暨南大学招生宣传协会创始人&总会长，第六届创业训练营营员，入选2015年暨南大学本科优异生培养计划，获第四届暨南大学优秀学子奖励计划“领袖之星”标兵奖，现已保研至我校产业经济研究院产业经济学专业。
“这次能够获得‘暨南之星’，我…"
2017-01-10 16:38,【迈向高水平·“暨南之星”系列之五】房泽龙：致力于做代表中国的独立游…,"发表两篇SCI论文，组队开发出代表中国的VR游戏，成立公司拿到百万投资，成功保研我校金融专业……他就是我校第五届“暨南之星”之一，来自信息科学技术学院的大四学生房泽龙。
“能成为‘暨南之星’太幸运了!我觉得这个荣誉是对过去的肯定，更多的是责任和未来的希望。”房泽…"
2017-01-05 17:41,【迈向高水平·“暨南之星”系列之四】郭运健：关注内外招学生融合的澳门…,"获评“暨南之星”，郭运健说自己非常开心。从去年成为象征拼搏逆袭的“进取之星”，到今年摘得象征全面发展的“暨南之星”，他表示很不容易，这是对他大学生涯最好的认可。
郭运健是我校华文学院2013级汉语国际教育专业本科生，出生于澳门，是第五届“暨南之星”中唯一的外招生…"
2017-01-05 17:29,【迈向高水平•“暨南之星”系列之三】魏子贤：“我梦想有朝一日成为引领…,"
魏子贤，理工学院光电工程系信息工程专业2013级本科生。先后获得暨南大学第四届卓越引领计划“学术之星”和第五届卓越引领计划“暨南之星”。共获七项国家级以上、五项校级以上学术竞赛奖，参与包括省级500万重大专项在内的四项科研项目，发表论文一篇，授权专利两项。曾在工业与信息化部第五研究…"
2016-12-30 08:26,【迈向高水平·“暨南之星”系列之二】张乔波：按规划一步步走出精彩,"
张乔波，国际学院金融专业2013级本科生。绩点专业排名第一，以全校第一的成绩被选拔为“优本项目”交换生，先后获得第三届优秀学子奖励计划“学习之星”标兵奖、第五届优秀学子奖励计划“暨南之星”标兵奖，现已保送至上海交通大学安泰经济与管理学院攻读硕士研究生。看似一路顺畅的背后…"
2016-12-30 09:29,【迈向高水平·“暨南之星”系列之一】硕博连读中科大国家实验室  将师从…,"
你以为他只是在SCI发表两篇论文?他还申请国家专利一项，主持大学生创新项目两项、挑战杯项目一项，获得第五、六届广东省材料创新大赛高分子赛区一等奖。现已保送至中国科学技术大学合肥微尺度国家实验室(筹)攻读硕博连读研究生，师从中国科学院院士、2015年度“世界杰出女科学家奖”获得者谢毅教授。
你以…"
2016-12-27 23:01,陈嘉瑞：当创业梦想照进现实,"    一位长发飘飘，穿着白色裙子的姑娘缓缓走过万国墙，在墙的末端，一堵课室门突然出现。姑娘打开门把手，走进坐满学生的课室。这个梦幻的场景出现在我校新闻与传播学院的宣传片中，片子由薪传文化传播有限公司拍摄，而公司的所有成员正是我校学生。
    宣传片运用长镜头的拍摄手法，在镜头的起幅和落幅间实现万国墙、…"
2016-12-14 13:31,“暨”情学习，筑梦高水平,"         12月9日晚，由珠海校区学生代表大会主办的学风建设系列活动之“暨”情学习决赛答辩会在珠海校区行政楼举行。珠海校区党工委滕斌副书记出席了本次答辩会并致辞，校区学工办相关老师和近两百名代表出席了本次答辩会。
        滕斌副书记在致辞中表示，学风建设是高校永恒的主题，学风是学校办学特色的…"
2016-12-14 10:43,暨南学子助公益 齐来爱心DIY,"11月28日至12月7号，暨大青协珠区分会顺利地开展了“爱心DIY”活动。在这次活动当中，暨南大学珠海校区的同学们积极踊跃地献出自己的爱心，约有310人参与活动，其中还有老师和由志愿者带领的来自斗门区实验中学的学生们参与制作手绘帆布包的活动。

(暨南学子及实验中学学生一齐在摊位咨询详情)
这次公益活…"
2016-12-12 22:40,理工学院学生创新实践工作室：这里有一群朝气蓬勃的创新实践者,    “刚到物理系的时候，有一个大一新生问我‘我们以后就业主要是哪些领域’，我当时就镇住了”，在谈及学生创新实践工作室成立的初衷时，工作室指导老师之一、物理系教师付勇谈到了这段回忆。“除了走学术这一条路，我一时间想不起其他非常对口的行业。”事后，付勇思考了很久，他认为许…
2016-12-10 18:43,暨航乘风破浪 班级尽显风采,"    近日，以“暨语、暨情、暨南人”为主题的团支部风采大赛总决赛在我校南校区举行。在进入决赛的十二支队伍中，2015级信息科学技术学院电子信息工程专业团支部以出色的表现夺得了本次决赛的特等奖与最佳组织奖。
暨航贯穿古今，承载无限深情
    电子信息工程专业团支部的表演节目《暨航古今》以“船&…"
2016-12-08 22:06,青春荡漾，声汇星光,"    12月3日晚，第三十一届北极光校园歌唱大赛总决赛在校本部礼堂举行。作为暨大的校园品牌活动之一，北极光大赛从初赛伊始便吸引了众多的目光，经过一个多月的淘汰与选拔后，决赛更是万众瞩目。当晚不到七点，礼堂门口便已经排起了长队，同学们都期待着能先一步进入礼堂领略这场视听盛宴。
    当晚，暨南大学副校长饶…"
2016-12-03 17:13,我校志愿者陪伴心智障碍青年献上一份“甜心下午茶”,"    “甜心下午茶，快来看看，错过就没有啦！”12月2日，建阳篮球场上，六个穿着蓝衣服的青年向行人卖力吆喝着。他们来自广州市少年宫特殊艺术家工作室，在暨大志愿者的陪伴下，参与销售由心智障碍糕点师制作的甜点。
    在贴有“甜心下午茶”的牛皮纸袋里，不仅有玫瑰卷面包、松软的麦芬蛋糕、酥…"
2016-11-29 10:44,【广播台系列】3代广播人讲述30年流淌的广播情,从1990年到2016年，昔日的暨南大学广播站已经升级为暨南大学广播台。一代代广播人辛勤奉献，努力将暨大广播做到更好。110周年校庆之际，3个年代的3位广播人——1990级经济学院校友、广播站播音员周飞兵，2007级新闻与传播学院校友、广播台第一任台长陈福星，2014级新闻与传播学院学生、广播台现任台长李冉&mdas…
2016-11-29 08:48,酌一杯名叫校运会的酒,"    11月25日，虽然天气有点寒冷，但我校第四十三届田径运动会还是如期进行着。寒冷中，校运会是否会有另一番味道？不妨来尝尝。

（第四十三届田径运动会开幕）
醇厚的体育精神
    大二电气工程及其自动化专业的陆海天同学这次专程从珠海校区来本部参加校运会，平常喜欢运动的他报名了男子3000米、跳远和男子4*400…"
2016-11-22 17:02,第28届“韩奖”翻译学院7人上榜 获奖人数居全国高校之首,翻译学院自2011年开始组织学生参加“韩奖”，连年获奖，共计28人次(二等奖5人次、三等奖3人次、优秀奖20人次)，2013、2014、2015连续三年获奖人数在参赛高校中位居全国第三、广东省第一，2016年获奖人数居全国参赛之首。
2016-11-17 00:16,暨大迷你马拉松：用挑战驱动公益力量,"由我校人文学院团委学生会承办的全国大学生迷你马拉松公益挑战珠海站第一期——野狸岛环岛跑于10月30日举行，该活动吸引了近200名热心运动与公益的暨南学子参与。
本届“迷你马拉松”全名“康宝莱·全国大学生迷你马拉松公益挑战”，以关爱贫困失聪儿童，增强青年大学生体质为目的…"
2016-11-17 00:14,在最应该读书的年纪要多读书，读好书,"11月10日晚，由人文学院团委、学生会学术实践部与作家大冰联合举办的《好吗好的》百城百校畅聊会4.0在学生活动中心顺利举行。活动吸引了约700名学生读者前来参加，现场气氛非常热烈。
大冰是中国当代畅销书作家，在过去的几年里，他在全国各地举办了数百场百城百校畅聊会的活动，并向读者们推广阅读。而这一站，他来到了…"
2016-11-15 21:01,快门无声 大爱无言,“这是养心殿，位于北京，是清代皇帝的寝宫。”来自暨南大学珠海校区的大学生志愿者陈红正在给特殊学生上摄影素养课，今天这一节课的内容是介绍人文建筑。她的左前方有一名手语老师在比划着手势，把她的话用手语翻译给孩子们。孩子们也很活跃，也在不停比划着跟老师、小伙伴们交流。这时，不久前悄悄进入教室的…
2016-11-05 13:58,图书馆改造在进行：设置“智慧空间” 优化服务功能,"    “一座优秀的图书馆一定是一流的资源、环境与服务的结合。”我校图书馆馆长史小军如是说。
    在延长开馆时间、增设自习区等一系列改革措施获得师生一致好评之后，图书馆又展开了二楼西区的改造工程，不断向着“全体暨南人最温馨的精神家园和华南地区富有特色的图书圣地”这一目标迈进。近期，…"
2016-11-04 08:26,【110周年校庆系列·活动篇】110周年校庆晚会节目由他们承包了！,11月19日，我校将迎来百又十年校庆，围绕着“学术”“校友”的主题，会推出怎样的重磅活动，打造怎样的纪念盛典，演绎怎样的动人故事？从今日起，校庆新闻中心志愿者将跟踪报道校庆活动的全过程，聚焦为校庆团结一心、凝聚智慧、付出汗水的暨南人，聚焦接连不断的高水平学术活动，聚焦校庆活动中最受暨南人喜爱的那事那物…
2016-10-26 13:24,艺术学院小白楼，邂逅音乐沙龙夜,"    夜幕降临，当一切被黑暗笼罩时，艺术学院的小白楼却亮起了点点“星光”。
    一路沿着“星光”走到小白楼前坪，眼前顿时豁然开朗。被精心布置过的“夜空舞台”、从二楼延伸下来的“星星月亮”吊灯、梯级间闪烁着点点“星光”、四处可见以橘色为主的暖调大射灯、…"
2016-10-16 23:49,【“暨南新力量”系列】67岁新生李纪良 永远坐在第一排,"    2016年新生开学典礼结束后，体育馆前坪摆放的创意展板十分受新生欢迎，大家纷纷与之合影。人群中，一位满头银发的老人也十分活跃，他并不是陪同孙儿孙女前来报到的家长，而是今年暨南大学知识产权专业的研究生新生，67岁的李纪良。
    “我去年旁听了一年研一的课，今年暨南大学收我做学生了，我除了自己的课…"
2016-10-09 15:44,【“暨南新力量”系列】曾经的新生，现在的“引路人”,"    9月19日，6516名16级新生来到暨南园。9月20日，已经第四届的新生训练营如期开营，新生们换上了深蓝色的营服，也收获了“蓝精灵”的昵称。但是，每一片蓝色的人海里，总点缀着零星的深红色，一眼看过去非常惹眼。那是陪伴新生们的新生助教，也是新生们的师兄师姐。
    初来陌生的校园，这些陪伴左右的师兄…"
2016-10-06 19:25,【“暨南新力量”系列】中外学子聚暨南 各国文化齐亮相,"    9月23日到24日，晚上，多元文化工作坊交流晚会在暨南大学华文校区和本部校区先后举行，各国学子纷纷展示自己国家的文化并相互交流。
华文校区：各国表演尽展异域风情
    在华文校区，一场多国服装秀拉开了帷幕。来自不同国家的暨南学子身穿本国的特色服装，从观众席走上舞台，观众掌声和欢呼声不断。除了马来西亚…"
2016-09-25 23:18,【“暨南新力量”系列】新生“艺术体验营”：给你不一样的体验,"    2016年8月初，随着录取通知书到达16级暨南大学新生手里的，还有一封给新生的信，信中提到了一个“艺术体验营工作团队”，选拔一批新生提前入学参与体验，激发了广大新生的兴趣。
    9月12日，成功选入“艺术体验营”的新生先于其他小伙伴来到了暨南园，“艺术体验营”开营仪式在学生…"
2016-09-18 21:35,大学第一课——校友访谈会,"9月16日，由暨南大学学生会珠海校区执行委员会举办的校友访谈会在行政楼一楼国际会议厅如期进行。本次访谈会邀请了南航通用航空有限公司副驾驶孙柏添学长、到藏区支教的自主创业者陈婷学姐、珠海市知名律师孙敏学长和银行主管李辰学姐，与珠海校区的新生志愿者分享他们大学生涯的点点滴滴和工作道路上的欢喜坎坷。

（…"
2016-09-13 00:37,为迎新同学，南校齐准备,"   
    金秋九月，暨南园将盛情迎接2016级新生的到来。9月19日，暨南大学2016级新生将入学报到。今年，暨南大学南校区将迎来2800名左右新生，目前，南校区各单位迎新准备工作正紧锣密鼓展开。
有序细分工，部门齐合作
    整个迎新工作将做到：周到细致，准时完成，热情服务，快速处置。校区各单位有序分工，紧密合作…"
2016-09-01 13:25,“矢量”情怀，坚定自己的方向,"    2016年8月24至26日，一场主题为“地产争霸”的大型商战比赛在佛山金融城富豪酒店举办，来自暨南大学等多所大学的共18支学生队伍，模拟开发商、建材商、建筑商、银行与传媒行业，进行三天两晚的激烈角逐，争夺各行业第一。
个人情怀，开始创业
    这场商战由广州矢量卓绝教育科技有限公司（以下简称&ldqu…"
2016-08-29 10:57,夏天了我的夏天——记国际商学院2016台湾实习营,"柴静用记者的眼睛看见了大事件中默默无闻，但感动人心的人和事，我们也要学会用我们的眼睛，去看见，用我们的心，去体会，能在生活中发现美好的人，一定是最幸福的人。

(实习营学员在垦丁骑行)
台湾之行，不多不少，刚满三周。用21天的时间，或许可以让人养成阅读、思考的习惯，又或许可以让人学会感悟人生、思考人生…"
2016-08-28 11:01,中国文化之旅：让暨大学子在行走中思考,"    7月17日，三百多名师生从暨南大学校本部出发，开始了一段难忘的旅程。他们参加的，是由国务院侨务办公室主办的中国文化之旅活动，这是暨大的品牌活动之一，每年寒、暑假，学校都会组织一批以外招生为主的同学去往全国各地，游览祖国大好河山，深入了解每个地方的文化，感受不同于课堂的教育体验。
    今年暑期的文…"
2016-07-06 18:41,五彩华章祝校庆 赤子之心献给党,"    7月1日下午，暨南大学礼堂迎来了 “颂歌献给党”-庆祝建党95周年暨迎校庆110周年2016年教职工合唱比赛。本次比赛由校工会委员会承办，来自24个二级工会，共17所代表队参加。最终，5支代表队获得金奖，其中外国语学院、新闻与传播学院、教育学院、艺术学院四院联队带来的民族歌曲表演格外引人注目。
你方唱…"
2016-07-01 10:30,“挑战杯”金奖背后的故事,"在近期落下帷幕的“挑战杯·创青春”广东大学生创业大赛中，暨南大学取得了不错的成绩，其中“矢量卓绝教育科技有限公司”“iLeading景区导航科技有限公司”两个项目更是摘得金奖。
高校内的模拟商战
2016年“挑战杯”决赛中，拿走金奖的是四个大男生，他们是“矢…"
2016-06-26 20:45,美国交流生遇上暨南学子：原来我们有很多相似之处,"    近日，我校珠海校区举行第五届全球学习营闭幕仪式，来自威斯康星大学欧克莱尔分校的美国交流生结束为期十天的学习营。在这十天里，他们与buddies（我校志愿者的代称）共同参观广州、珠海两地的企业，游玩名胜古迹和学习中国文化，两国学生建立了深厚的友谊。临别时，他们互相赠送礼物，以纪念彼此陪伴的点点滴滴。
…"
2016-06-17 11:20,【“暨南奥斯卡”系列报道】姜南瑾：舞·动人生,"    个子高挑，一双匀称健美的长腿下穿着显眼的玫红色NIKE运动鞋，姜南瑾的外形让人联想起活力四射的运动达人。荣获我校“5A卓越引领计划”中“体育之星”的姜南瑾是国际学院药学专业2012级学生，她曾担任NIKE校园形象大使，同时也是UNIQUE舞蹈团队的创始人之一。
舞出独特——UNIQUE舞团…"
2016-06-17 11:09,【“暨南奥斯卡”系列报道】“暨南之星”彭君麟：从公益到创业，一直在路上,"    彭君麟是暨南大学环境学院2012级环境科学班的学生，作为一个准毕业生，在离开学校之前获得“暨南之星”这个奖项，是他的一个心愿。“我们学院是14年成立的，我很开心为学院拿下了第一个‘暨南之星’”。
从 “学环科”到“做公益”
    抱着“以后找份高薪…"
2016-06-15 09:11,【“暨南奥斯卡”系列报道】见证“暨南奥斯卡”成长的那些人,"    6月2日下午，被誉为“暨南奥斯卡”的“5A卓越引领计划”颁奖典礼在校本部礼堂举行。今年是“5A卓越引领计划”启动的第四年，颁奖典礼上，获奖的“星星”们一直在变化，但是还有一些人，四年来从未离开，见证着“5A卓越引领计划”的成长。
叶志海：遇到困难的时候…"
,,
2016-06-08 17:35,大榕树音乐节，一场冰与火之歌,"    晚上9点，像过去的三年一样，邓博铭来到了吉他社，作为吉他社的社长，他今晚的任务是要把大榕树音乐节的发票交给社联的负责人。
    金陵广场在夜晚总是热闹非凡，大妈们随着音乐认真地跳着广场舞，学生们参与着各种社团活动。尽管看上去，吉他社只是安静地坐落在金陵广场的一角，但在邓博铭心中，并不是如此。
   …"
2016-06-07 19:43,【“暨南奥斯卡”系列报道】“公益之星”刘佳盛与他的“壹众”故事,    “进取不止，自强不息，热爱学术更热心公益。”2016年6月2日，在被誉为“暨南奥斯卡”的“5A卓越计划“颁奖典礼上，作为“公益之星”的刘佳盛与大家一同唱响主题曲《最闪亮的星星》。当唱起这一句时，刘佳盛感想良多，初入学的懵懂少年成长为今日的闪烁明星，由他一手创办的…
,,
2016-05-31 10:29,平凡生活也有英雄梦想，我校学子收到世界四大名校OFFER,"【个人简介】洪希柠，女，汉族，1994年6月11日出生，共青团员，我校国际商学院金融学2012级学生。
【获奖情况】2012-2013年度优秀学生三等奖学金、2013-2014年度优秀学生二等奖学金;2013年全国大学生数学建模竞赛国家二等奖、2013年全国大学生电工数学建模竞赛国家二等奖、2014年美国大学生数学建模竞赛国际二等奖;暨南…"
2016-05-24 13:00,青春健康同伴教育服务部：用同伴教育让你“大方地谈‘性’”,    “在小的时候，你们的爸爸妈妈是否有带你们去参观过这些展览呢？反正我爸妈没有~”主持人蒙恬的一个问题将大家的注意力吸引到屏幕中正在放映的图片上，图中是一位女性弯腰向小朋友讲解着什么，蒙恬解释，这是一场以性为主题的展览。这是5月15日晚的医学院408活动室，由暨南大学医疗青年志愿者服务队青春健…
2016-05-23 17:33,与你相遇好幸运——剑桥大学,"那是一串火花，一次远行，亦是一场思考。
时隔三个月，再次谈起寒假在剑桥修学(Cambridge Academic Development Seminar)的那段时光,脑海中依旧满载着美好。
初入眼帘，令我印象极深的便是剑桥大学保持完好的古典风格建筑，无论是国王学院的哥特式，还是纽南学院维多利亚时代的建筑风格。都显得格外庄重而典雅，厚重中…"
2016-05-26 09:23,对话“东方的希腊”：暨南学子巴厘岛公益行,"钴蓝色没有一丝沾染的天与海，原著居民清澈淳朴的眼眸与单纯善良的心，家家户户门前供奉的神龛与每天虔诚的祈福，是我对巴厘岛最深的印象。

然而在这一份原始与自然美之下，却是教育资源的相对匮乏的窘况，没有人回应孩子们渴求知识的大眼睛，没有人告诉他们怎么应对来自世界各地歧视异样的眼神，更没有人用心呵护他们…"
2016-05-20 09:22,两岸学子在首届海峡两岸暨南结构模型大赛中建构友谊之桥,"5月15日，我校在曾宪梓科学馆举办了首届海峡两岸暨南结构模型大赛暨第九届暨南大学结构模型大赛，台湾暨南国际大学的同学们也参加了此次大赛。我校理工学院的志愿者同学接待了这群从海峡彼岸来的客人，并与他们共度三天。
比赛“大开眼界”，期待你来我往互学习
15日下午，首届海峡两岸暨南结构模型大赛正式…"
2016-05-09 20:23,罕见病公益人潘龙飞：我从“外星人”变成人类,"    近日由暨南大学珠海校区团工委学术科技部举办的真人图书馆活动在暨南大学珠海校区行政楼三楼多功能厅举行。“阅读之前，没有真相”。而笔者要阅读的是一个关于“罕见”的故事，探询关于罕见病的“真相”。

（罕见病公益人潘龙飞作客暨南大学珠海校区真人图书馆）
    故事的主人公…"
2016-05-09 20:24,我校珠海校区真人图书馆：打破观念的沟壑,    你无法控制生命的长度，但是你可以在生命过程中扩宽你的见识，走近他人的生命，了解更多人生的可能；你可以与他人面对面，感受他人的温度，翻阅他们的故事，获得更多的人生体验。近日，我校珠海校区就举行了这样的一场“真人图书馆”。这一次供大家阅读的“图书”有旅行摄影师－行者老湖、肚皮舞…
2016-05-09 13:21,调查：珠海校区的我们，安全吗？,"    近日，一条消息在暨南人的朋友圈迅速流传，内容大意为珠海校区五位同学目睹一全裸黑瘦男子在1栋二楼自习室门口面对女生宿舍进行某不雅行为。虽校方随后即赶往现场调查，但该男子早已不见踪影。
    一时间，该事件在珠海校区掀起轩然大坡。由于当事人称“该名男子并未在校内见过”，而类似事件也曾发生在…"
2016-05-05 09:27,南校区跆拳道社：帅气的不仅仅是回旋踢,"    帅气的回旋踢，气势十足的口号， 整齐划一的姿势……暨大南校区T2宿舍楼架空层里，身穿跆拳道服的跆拳道社员在一遍又一遍练习着自己的动作。这，就是跆拳道社在分部南校日常训练的场景。他们的风采经常吸引来往的学生的目光。

（社员在练习腾空侧踢）
   我校跆拳道协会是在2011年由学生社联与文贤跆…"
2016-04-15 16:20,向诺奖大师提问是怎样一种体验？,"
    “Check that ego at the door——不要过于尊重而失去了主见。”这是Heckman教授送给每位勇敢探索学术问题的同学的勉励之言。
    3月14日，2000年诺贝尔经济学奖得主James J.Heckman教授受暨南大学经济与社会研究院以及国家外国专家局的邀请，访问暨南大学。此行，Heckman教授给数百名师生带…"
,,
2016-04-12 15:32,我校学子陪伴城市流动儿童学摄影,"    “姐姐，我们一会儿是要到操场拍照吗？”一个脖子上围着红领巾，胖乎乎的小男孩跑过来问刚刚走到课室的志愿者，听到肯定的答复后，他兴冲冲的进入课室，大声地告诉他的同伴。
    这一幕发生在珠海市香洲区广昌小学。我校的五位摄影爱好者在远博社会工作促进中心的社工张悦的带领下来到学校，义务开设为期…"
2016-04-06 11:46,迈向高水平·暨大的青藏高原之声,"    我校正在努力建设成为国内一流、国际知名的高水平大学，这承载着千千万万我校师生的期望。迈向高水平大学，需要师生通力共进。让我们一起来听一听来自我校的青藏高原之声！学子去西藏服务，西藏学子来我校求学，传播知识与渴求知识的碰撞，文化的交流，援藏和互相进步永不停歇。
带着“忠信笃敬”志愿服务…"
2016-04-06 09:18,最美支教女生—07级陈婷别样的创业与公益生活,"    2015年5月，陈婷创立了致力于健康养生的西遇品牌，并且自品牌创立以来一直秉持着“把最原生态、最天然的藏区产品带给大家，把更好的生活带给藏民”的理念，让大家更多地了解藏区，了解“健康是最富贵的财富”。

（陈婷与藏区小朋友）
    正是这一份特殊的创业经历培养了陈婷对西藏不一样的…"
2016-03-31 11:19,“挑战杯”创业团队打造椰糠环保产业链,本届挑战杯所涌现出来的创业团队只是我校创新创业人才的一个部分。为响应国家“大众创业、万众创新、创新驱动发展”战略，推进高水平大学建设，我校出台了《暨南大学高水平大学建设与综合改革方案》，将创新人才培养机制作为改革的重要任务之一。挑战杯涌现出来的创新创业团队，也是我校围绕立德树人根本任务，培育高素质…
2016-03-29 09:00,“风光爱好者”黄启乐：高处的热爱,"    在2015年的最后几天，黄启乐在他的LOFTER上发了一段感慨：
    “2015最后一爬，很快就会迎来2016。一年时间过得真快。今年是我对摄影最投入的一年，几乎有时间我就会拿起相机往外跑。我被嘲笑过，被称赞过，也被自己质疑过，但是，其实能够从摄影获得快乐，就是最纯粹的满足，何必在乎太多？希望2016仍能带着…"
2016-03-29 08:36,在这股倒春寒里，你是否感受到了他们的温度,"    在暨南园中，你是否注意到有这样一群人，他们默默工作，就算节假日也仍然坚守在自己岗位上，发光发热。正是他们，给这股倒春寒增添了一丝温暖。
  
 （早点师傅清晨制作早餐）
    凌晨三点，当多数人都还沉浸在甜美的梦乡，食堂师傅张圣文早早地从住处出发，在昏暗的路灯下骑着车来到食堂。他的工作是和同事一起…"
2016-03-21 11:41,“时光机”的故事：怀着热诚不断前进的暨南人,今年，时光机剧组打算推出 “毕业季”创业项目，帮学生拍写真、MV，同时会跟合作方合作拍小短剧。对于未来的发展方向，他们将会尝试各种各样的风格，不断地摸索适最适合时光机的发展道路。
2016-03-07 08:50,这个春节，暨大AIESECer过得不一般,2016年寒假，我校共有45名AIESEC成员分赴印度、汕头等各地开展志愿服务，其中海外志愿者25人，国内志愿者20人。AIESEC是全球最大的由青年领导的组织，致力于提供一个供青年学生发展自身领导力的平台。AIESEC成员们被称为AIESECer。
2016-01-15 15:50,爱科研爱生活的“正能量王子”,"    
    “上进、自律、颜值高”，用这三个词来形容这个身高1米8的大男生再合适不过了。他当过班长、喜欢打篮球、组织过院系元旦晚会。大学校园里，钟爱运动还热心集体事务的男生总是特别受欢迎。不同的是，刘光天一不小心让这份欢迎来得更猛烈了些，获得第十四届“挑战杯”全国大学生课外学术科技…"
2015-12-21 19:05,我校学子创新商业模式公益推广无公害稻米,"    一群大学生在支持生态建设的前提下，利用新媒体工具和商业模式的创新帮助农村增加收入，丰富收入来源结构，他们是怎么做到的呢？
    近日，暨南大学珠海校区创行团队在香洲区柠溪文化广场摆摊，向路过的市民推广销售由斗门区新农人稻菜生产合作社出产的生态米。现场为路人提供了米饭和配菜试吃，引起附近社区的不少…"
2015-12-16 16:49,【微信】征集令｜我要，上好课！,"我是一条
-征集令-
邻近期末，听了一学期的课
或许很多节课，你都昏昏欲睡
或许很多节课，你都低头玩着手机
(不说实话可以吗)

但是
总有一节课让你兴趣盎然
精彩的课程，我们一起分享

你心中的精彩好课是怎么样的
可能是这样的......
吸引了全班的目光

(田明，暨南大学社会科学部讲师)
 
也有可能是…"
2015-12-14 09:03,世界广府人恳亲大会上的“暨南红白蓝”,"    12月2日-4日，第二届世界广府人恳亲大会在珠海横琴召开。会议期间，暨南志愿者早早地通过培训上岗，分组完成了随团服务、前台接待、VIP接待等工作。红色的风衣，白色的裤子，蓝色的腰包，“暨南红白蓝”成为世界广府人恳亲大会上一道靓丽的风景线。
    志愿者们的工作主要有：随团服务，协助、指引嘉宾上…"
2015-12-11 09:29,【北极光30周年】第一届“北极光”冠军得主黄若雄的两三事,再谈起“北极光”，黄若雄感慨万千，“北极光能举办30年，并仍然充满生命力，绝不是幸运使然。”黄若雄说，“是因为从第一届起，学生们在办大赛时就能吃得起苦，把起点抬得很高，把立意做得很好，而历届的同学们也传承着这种精神，才能让它在广州这样的环境中发光发热。”
2015-12-08 15:40,“饭团”们的美好回忆,"“饭团”是我校珠海校区勤工助学饭堂服务部的同学们对自己的昵称，一直以来，“饭团”们忙碌地穿梭于饭堂中，擦桌子、接餐盘、卖早餐......如今，这些已经成为他们美好的回忆——11月底，经过学校领导和饭堂承包公司负责人的讨论后，我校珠海校区的饭堂服务部成员调岗到其他勤助部门。

…"
2015-12-07 10:50,【微信】暨珠，我依旧和你相爱,"    每年开学季，广州本部总有涌现一批新面孔，除了鲜嫩嫩的大一新生，里面还有一大批从珠海回迁本部的大三学生。曾经在珠海的两年生活，印在他们美好的青春纪念册上。我常常听珠海回迁的学长学姐感慨暨珠的美好，怀念在暨珠的生活。今天，小楠就做一个记录者，写下他们对暨珠的爱恋。
 

    “暨珠很安静，很惬…"
2015-12-01 12:05,书说故事情，人闻书香味,"    “真人图书馆”来啦！近日，2015年图书馆宣传月系列活动之一，暨南书悦会暨“悦人·真人图书馆”活动在南校区图书馆正式启动。
    本次活动中，五本“真人图书”分享了自己的真实故事，读者阅读气氛高涨，“真人图书”与读者之间相互交流，碰撞出思想的火花。&ldquo…"
2015-12-01 10:53,关爱自闭症儿童，为爱而跑,"    11月26日下午，“益路同行，心系未来”环校公益跑活动于南校区文化广场举行。
    学校党委副书记、副校长叶勤宣布志愿者文化节开幕，首发活动公益环校跑随即展开。环校跑队伍绕田径场一圈后，沿弘义路前行，横跨镜湖博文桥，经五洲英才广场，到南门前的广州路，最终沿弘仁路返回田径场。环校跑队伍由各学…"
2015-11-26 19:18,翻译学子连续五年上榜“韩奖”，获奖高招你知多少？,"我校翻译学院选手连续五年在“韩素音青年翻译奖”竞赛中获奖，共计21人次，连续三年在全国参赛高校中位列全国前三、广东省第一。

"
2015-11-25 17:01,粤港学子联合打造休闲之所,"    10月28日，我校大学生创新创业实践基地在南校区揭牌，由暨大粤港学子联合自主打造的创新创业实践平台——四洲紫菜生活馆同时开业。
    紫菜生活馆由四洲集团董事局主席、我校校董戴德丰资助，这里的员工几乎都是粤港学子，开业短短一个多月就深受广大学子的喜爱。
设计独特，地势优越
    紫菜生活馆的…"
2015-11-19 12:44,北极光：暨南园里的“中国好声音”,    “如果世界太危险，只有音乐最安全，带着我进梦里面，让歌词都实现。”音乐是人生的调味品，它能带给青年美的感受，而暨南大学的北极光歌唱大赛（以下简称“北极光”）更是一个绚烂的舞台，作为暨南园里的“中国好声音”，它一直把最动听的声音呈现给观众，激励热爱音乐的学子。最近，…
,,
2015-11-18 09:51,毕业30年返校 64栋旁踢足球,"    2015年11月15日，是我校109周年校庆日，也是81级校友毕业30周年返校日。81级历史系和81级生物系的校友在校庆前一天从世界各地赶回来， 在曾经的64栋前组织了一场别开生面的足球赛。
30年前，同在64栋的打闹中成长
    1978年我校复办，学校安排历史系和生物系学生住在64栋（现苏州苑41栋）。当时男女混住，男生住一…"
2015-11-17 17:25,ONESHOW暨大广告团队在“绕圈+跑步”中斩金,品牌店的顾客在展架上拿出一双鞋子，然后惊讶地掏出鞋子里面的小鞋(ashoeinashoe)，最终镜头定格在鞋子的标签上，上面显示贫困山区儿童的照片。
2015-11-14 14:06,"【微信】清晨五点半,你是暨南的第一道曙光","    每天凌晨5点半，暨大学生们都还在熟睡中迎来明天的曙光，然而宿管阿姨还在坚守、食堂工人还在忙碌、保安和清洁阿姨还在坚守岗位。请跟随记者，去了解他们的工作状况。 
这是清晨五点半的暨南
清晨五点半，天还是黑的。
黑暗中的一点光亮
大部分来自宿舍楼下的值班室。
阿姨说她需要通宵值班，
夜很长，时间也很…"
2015-11-23 09:02,连续五年上榜韩素音翻译奖 暨南高招你知多少？,    10月17-18日，宁波大学公布第二十七届韩素音青年翻译奖竞赛结果，我校有五位翻译学子在比赛中取得佳绩，其中刘平华、邓惠、陈思佳获英译汉优秀奖，陈晨、赖天成获汉译英优秀奖。在这个国内最高级别的翻译比赛里，我校翻译学院的学子连续五年榜上有名，获奖总计21人次。近日，记者走访翻译学院师生，了解翻译学院连获…
2015-11-10 16:27,从学生到兼职辅导员的距离,"    她是一个普通的大二学生，在同学眼中，她是一个可以依靠的朋友；而在大一新生的眼中，她是一个严谨认真、体贴温柔的兼职辅导员。看到这，你是否有疑惑？其实，她并没有那么神秘。她是14级环境科学专业本科生李亚妮。



（李亚妮在辅导员办公室办公）
勇敢出击，抓住机遇
    谈起成为兼职辅导员的经过，李亚妮…"
2015-11-04 09:34,万圣节，医学院学子“打鬼”内外招生打成一片,"    10月的最后一个晚上，医学院院楼门口排起了长龙，楼里也多了一些特别的“动静”，原来这里正进行惊心动魄的万圣节“鬼屋”活动。
    “鬼屋”活动由医学院团委学生会主办，主题为“百货公司”。活动设置了5个片区，包括餐厅区、乐器区、小丑区、理发区、时装区。参加活动…"
2015-10-27 17:31,开学至今，“小葡萄”忙什么？,"    一个半月前，一群“小葡萄”怀着对美好大学生活的无限畅想从全国乃至世界各地来到我校。在美丽雄伟的暨南拱门前，他们拍照留念，也留下了“努力让自己成为优秀暨南人”的雄心壮志。
    经过新生训练营的“热场”、紧张有序的学习、社团组织招新的磨练以及各种比赛的考验后，现在&ldq…"
2015-10-27 15:37,高绩点的语言达人,"    上大学前就考过雅思、托福，现在担任班长职务、绩点遥遥领先，精通西班牙语……他是国际学院的大二学生Kevin龙志钰。
经历独特，优势明显
    Kevin是一名华侨，9岁那年便跟随父母到巴拿马（位于中美洲的小国家），在那里Kevin接受了小学和中学教育。“我所在的学校是全英授课，所以我的英语还不…"
2015-10-26 11:37,我校学子用蚯蚓净化垃圾在世界舞台获得认可,"    10月14-16日，以中国区总冠军身份代表中国参赛的我校创行团队，在2015年南非创行创新公益世界杯赛上进入全球24强，并最终获得三等奖。他们带去的“绿动未来”项目将焦点定在利用蚯蚓堆肥的方法实现厨余垃圾资源化循环再利用上。目前，这一技术已经得到应用推广，并推出了农政企三方合作模式。

（我校创…"
2015-10-21 09:47,我校学生创业团队众筹制作“新生之夜”蛋糕,“新生之夜”蛋糕来自我校一个学生创业团队的Wecake项目。Wecake以“情感定制，共享互联网个性生活”为宗旨，着力去打造高效的“互联网+定制”的O2O新模式。
,,
,,
2015-10-16 10:24,【创新创业】细胞大厦的“建筑工”,"
   
    帮心脏制作创可贴，为人体角膜寻找替代品，这些看似高难度的任务，却是一群本科生几乎每天要面对的。今年9月，“组织工程板层角膜的体外快速三维重建”项目在教育部主办的第八届全国大学生创新创业年会上，获得“优秀学术论文”及“最具眼光奖”，年轻的团队在老师的指导下，又…"
2015-10-16 10:09,【创新创业】绿色创意 环保梦想,"
  
    在第八届全国大学生创新创业年会上，一个“大家伙”吸引了大家的目光，来自暨南大学环境学院的团队凭借这套“有害气体净化装置”一举拿下“最佳创意项目”及“我最喜爱项目”两项大奖。
    2014年，几个因绿色青年志愿者服务队（以下简称“绿青”）结缘的…"
2015-10-08 15:23,【暑期三下乡】搭一座通往世界的彩虹桥——关注自闭儿童,"
一个下乡旅程
二大导师
三位帅哥
四大物资准备
五天旅程
六个学院尖子
七个调研考察方案
八件团队主要工作
九位美女
十分完美
    真正接触到自闭症儿童时，你就会深刻体会到自闭症的另一个名称——孤独症。看着他们纯净如水的眼睛，内心会被感动，也会有微微的刺痛感：他们就在你眼前，你却难以走…"
,,
2015-10-08 15:16,【文化之旅】探访大漠古国 追寻西夏文明,"
    7月19日，暨南大学2015年中国文化之旅夏令营西夏团的29位师生顺利抵达宁夏回族自治区银川市，开启了学习考察宁夏历史文化、民族风情、宗教文明的“移动课堂”。
初遇回乡文化，溯源“一带一路”
    “银川信是米粮川，秋实如云喜报连”，如我开国元勋董必武先生所说，银川素有&ld…"
2015-10-08 15:06,【文化之旅】最是“暨”情俏江南,"
    “扬子滔滔连珠江，暨南教泽播八方，百年沧桑千里路，一朝涅盘出凤凰……”如果不是因为置身在灯火辉煌、熙来攘往的上海外滩街头，大家还会以为是一场精彩的校歌合唱比赛，这是来自暨南大学中国文化之旅江南团的同学们在上海外滩街头的一个有趣小片段。
    2015年7月19日至23日，27名暨大…"
2015-09-25 10:49,【暨南新面孔系列之九】暨南人 一起来“点亮”创意造型,“RUNNING JNU”、“JNU 109”、“FUTURE”、“七彩梦”，每一次创意造型的最终呈现，都需要上千名新生的共同努力，需要老师、新生志愿者、老生在幕后辛勤付出。“这不单单是一个个简单的创意造型，也是我们暨南人的创新创造、奋进拼搏、团结协作精神的体现。”
2015-09-18 11:07,【暨南新面孔系列之七】“小葡萄”的力量角逐,"    9月15日，我校南校区2000余名新生组成12支学院队伍，在南校区田径场上进行拔河比赛。赛场上人头攒动、院旗飘扬、欢呼声与加油声此起彼伏。运动员们劲头十足，在这场力量角逐中赛出了风采、赛出了魄力。
    此次拔河比赛采用三局两胜制。初赛分为A、B、C三组，每组有三个学院，在小组内夺冠者即可出线，参加复赛。生…"
2015-09-18 09:31,【暨南新面孔系列之六】新生助教：万紫丛中一点红,"    新生训练营开营以来，学校各个角落都被星星点点的紫色点缀。万紫丛中，总有那么几点红色穿梭其中，他们便是新生们的助教。这些助教大多数由大二的同学担任，在新生班级中起着不可或缺的纽带作用。
    “我喜欢参加各种各样的活动， 想和小葡萄们一起玩，也为学校做一点事，所以就报名当助教了。”英语专…"
,,
,,
2015-09-14 15:16,【暨南新面孔系列之二】初入暨南园,"初遇暨珠 很温暖
    当我迈下车，迎面而来的不仅有纯净的风与阳光，还有一张张绽放着温暖微笑的脸庞。在这片葱茏广袤的绿色中，洁白的建筑优雅地伫立，志愿者们活跃的红色身影书写着青春与热情的赞歌。
 
    在友好的保安大叔的指引下，我来到了图书馆架空层。会场中人影匆匆，忙碌而不失有序。我绕着红色的长桌走了…"
2015-06-13 09:55,赤脚践行赤心 深旅播撒深情 ---中央电视台报道深圳旅游学院郑鹏翔同学的…," 

	
	    引言：2015年6月初，暨南大学深圳旅游学院郑鹏翔作为大学生创业典型人物，出现在中央电视台财经频道的《第一时间》栏目中。短片简要报道了郑鹏翔在校创 业的成果，引发了社会上不小的关注。在此，我们想更深入地为大家介绍郑鹏翔的在大学期间的成长故事和创业历程，于是就有了以下这篇约访。
	 
	
	     …"
2015-06-10 10:50,“优秀”是如何“炼”成的,"    · 你以为最牛博士就是能在SCI一区发表两篇论文？“十佳党员”、生命科学技术学院博士生付耀武还是沉着冷静的灭火英雄，水生所实验室的大师兄，带领师弟师妹们潜心科研。
    · 你以为最牛学霸就是每天泡馆学习拿高绩点？“十佳党员”、理工学院本科生马凯捷还在四年期间听了132场…"
2015-05-26 10:46,暨珠创行团队前往珠海小林小学宣讲鹤舞知识,"    5月22日下午，暨南大学珠海校区创行团队奔赴珠海市金湾区小林实验小学，给四年级的四个班，共204位同学带来了“鹤舞升平”——珠海市非物质文化遗产进校园之三灶鹤舞知识宣讲活动。
    5月的珠海阴雨绵绵，创行团队一行11人仍然准时到达了小林实验小学。在简单的自我介绍后，“小老师&rdq…"
,,
2015-05-18 11:11,世界那么大，一起来看看？, 5月11日晚，“暨南梦·人文行：世界文化之旅”决赛在珠海校区学生活动中心成功举行，现场笑声连连，精彩不断。
2015-05-15 10:57,闪耀在暨南园的“星星”,“5A卓越引领计划”积极配合我校“宁静致远”工程实施，成为了学生学习的“第二课堂”，共表彰了20个“5A卓越班集体”，10名“暨南好班长”，300名“优秀学子奖励计划”标兵奖获得者。
2015-05-15 10:57,闪耀在暨南园的“星星”,“5A卓越引领计划”积极配合我校“宁静致远”工程实施，成为了学生学习的“第二课堂”，共表彰了20个“5A卓越班集体”，10名“暨南好班长”，300名“优秀学子奖励计划”标兵奖获得者。
2015-05-13 13:32,暨珠Gobay——电子产品购物新体验,“Gobay”是暨南大学珠海校区首个线上全面电子产品店，是由电气信息学院13级学生司武洋创建。谈及“Gobay”，司武洋充满信心，这一切是源于他平日的学习与沉淀。
2015-05-06 15:39,南校区师生“晨跑夜跑”有了新路线,"    4月30日下午，南校区“五一”环校跑活动在五洲广场拉开帷幕，刘洁生副校长和近百名师生一同参加了活动。 
    刘洁生表示，开展环校跑活动的主要目的是丰富校园生活，大力推动全民健康活动的广泛开展，强健师生体魄，增强集体凝聚力，弘扬暨南人自强不息、开拓进取精神。随后，刘洁生带领师生们沿着&ldquo…"
2015-04-27 10:23,暨南有寻觅你的目光：同窗解密你不知道的汪国真,"    2015年4月26日，凌晨两点十分，著名诗人汪国真因肝癌于北京逝世。
    1978年秋季，汪国真入读暨南大学中文系。也是在暨大，汪国真发表自己的“处女作”，从此开启了自己的“诗歌路”。
    2006年，暨大百年校庆时，他不仅接受了校庆电视专题片《百年暨南》的采访，参加了庆典活动，还为精心…"
2015-04-21 11:37,暨大学子“新女神”蔡洁闪耀香港电影金像奖红毯,"     第三十四届香港电影金像奖19日晚于香港文化中心落幕，除星光熠熠的最佳男女演员奖外，代表“新女神”的最佳新演员奖也备受关注。艺术学院影视系2011届毕业生蔡洁凭借电影《人间小团圆》中小护士一角的优秀表现获最佳新演员奖提名。

（《人间小团圆》剧照）
    蔡洁2011年毕业于暨南大学艺术学院影视…"
,,
2015-04-21 08:36,进取之星黎广志 ：香港少年的逆袭之路,"    黎广志是典型的香港男生，T恤加牛仔裤，笑容腼腆，还有不甚标准的普通话。“我的普通话已经好了很多，现在能正常跟别人交流了。但是大一刚来的时候，既说不好也听不懂，日子真的很难过。”黎广志笑着说。

进取之星合影（后排左二为黎广志）
   从学渣成长为学霸
    黎广志是以港澳台免试招生的形式入…"
2015-04-13 11:38,“兵爽一夏”真人枪战在暨珠打响,"    雨夜漆黑，两队士兵在人迹鲜有的教学楼里来回穿梭。暗处，一名士兵扣下扳机，不远处另一名士兵头盔上的闪灯旋即熄灭，“You are LOST!”电子音在走廊中回响……你能想象吗？这一切，都发生在教学楼！
真人抢战 拼的是智力
    4月8日，暨南大学珠海校区创行团队（Enactus）主办的“兵爽…"
2015-04-03 09:12,生存大挑战：在陌生城市的36小时,"    收走你所有的钱财和证件，把你丢在陌生的城市，你的目的只有一个，那就是和队友一起生存下来，并赚足回学校的钱，限时36小时。你，能做到吗？
    3月22日，由暨南大学珠海校区创业实验室主办的“生存大挑战”落下帷幕，挑战者们伴着日暮的光辉回到校园，他们中间有三组队伍取得了令人惊讶的成绩：第十二…"
2015-04-01 16:37,老牌协会新突破：跑男进社团，娱乐健身一手抓,"    3月28日下午，顶着烈日，一群大学生在珠海校区来回奔跑呐喊，激情洋溢。一场别开生面的“Running Man”活动正式拉开了帷幕。
    本次“Running Man”活动由珠海校区篮球协会、健身协会主办，摄影协会协办，活动由翻卡牌、健身亮歌喉、篮球铁人赛以及RM&MONEY四个环节组成。活动要求以队伍…"
2015-03-31 10:45,黑白琴键上的追梦人,"
    在第23届“美国音乐公开赛”中，他一身黑西装搭配白衬衫，缓步走向钢琴，鞠躬，坐下，手指在黑白琴键上舞蹈，悠扬动听的旋律从指间倾泻而出。音起，是灵动的音符在指间翻飞；曲罢，是绕梁余音久久不散。这次比赛他获得了青年高级组第三名，中国作品高级组第一名的佳绩，成为我校钢琴表演专业首位获得国际…"
2015-03-29 21:37,暨南学子获《广州日报》“我的春节故事”优秀摄影奖,"    国际商学院2013级国际经济与贸易专业郝嘉奇同学获得《广州日报》“我的春节故事”摄影大赛优秀摄影奖。

（郝嘉奇同学的获奖作品）
    郝嘉奇的作品摄于大年初二，主体内容为外公外婆、爸妈互相搀扶的背影，一家人春节在安徽合肥一个公园游玩，展现了不可分割的亲情。
    3月28日，郝嘉奇赴广州领奖…"
2015-03-16 11:37,走进4.05的学霸世界,"    来自管理学院注册会计专业的周林同学，在大一第一学期就获得了GPA（平均绩点）4.05的好成绩。为此，新闻社对其进行了专访。
学霸外表：高绩点并非偶然
    与很多大学生不同，比起参加各种各样的社团活动，周林更喜欢读书。每一门课前，她都会先预习新内容，而课后，她也复习老师上课讲的内容。宿舍—图书馆&m…"
2015-03-10 18:07,这一天 女生都是女神,"    3月7日中午时分，珠海校区小罗马广场上，迎面走来的女生们穿着美丽，笑靥如花，身旁不时穿梭着骑着自行车的送花小分队。只要招招手，小分队便会停下将手中的花送上。因为，这一天，是女生节！
提早一天做女神
    女生节向来是颇受高校学生欢迎的节日。今年，珠海校区部分班级的男生们提早一天便给女生们过节，送上…"
2015-01-16 16:32,暨南园的“材子佳人”,    在12月26日结束的“5A卓越班集体”和“暨南好班长”评选中，2011级材料科学与工程、高分子材料与工程班（简称材料班）的“材子佳人”独领风骚，不仅班长陈睿鹏一马当先拿下“暨南好班长”，材料班也以第一名的成绩将“5A卓越班集体”称号收入囊中。寻访这些&ldquo…
2015-01-16 15:59,动力源自责任,"
    “把手上的每一件事做好，无论大小，那便是优秀。责任是我前进的最大动力。”李童被评为首届“暨南好班长”时如是说。
    李童，艺术学院2011级导演系学生，担任了三年班长。一个冬日下午，在静谧的小白楼里，我初次见到李童。憨憨的他有点呆萌。
一个好汉三个帮
    自入学以来，李童一直…"
2015-01-05 17:31,数字植物博物馆：把植物搬上屏幕,今年10月18日，在由教育部、科技部主办的第七届全国大学生创新创业年会上，我校“绿色家园”团队与来自全国近300所院校的240个项目同场竞技，最终获得十大“最佳创意项目”奖。
2014-12-24 09:42,对话南校区：校医室你知多少？,"    近日，冷空气一波又一波地来袭，南校区校医室接诊病例大幅上升。为此，记者对南校区校医室的医生们进行了采访，为同学们解答关于校医室就诊的疑问。

(南校区校医室）
    Q:同学们在什么时候来看病最合适？
    A：非急诊病患正常上班时间看病最为合适。虽然校医室24小时均有校医值班，但同学们普遍在中午和晚饭…"
,,
2014-12-19 11:28,公益出行你我共参与 维护自行车学生齐献计,"    10月下旬，南校区公益自行车正式投入使用。浩浩荡荡的骑车队伍是南校区每天最靓丽的一道风景。
    随着南校区设施的日益完善，学校为了更好的方便同学们的出行，免费提供的自行车已经从当初的150辆增加到了250辆。
    可是，与此同时，校园骑车也出现了一些不文明的行为，许多自行车都遭到了不同程度的破损。为此…"
,,
2014-12-05 21:34,不只是“吃”这么简单,"    对于刚刚结束高中生活的“小苹果”们来说，下晚课后约三五好友，奔赴食堂，共享宵夜是一种别样又新鲜的体验。近日，南校区食堂更新了宵夜菜式，陆续推送各地特色美食，既满足了“小苹果”们对美味的追求，也为他们提供了一个聚会和社团活动的最佳场所。
我的宵夜我做主
    暨南学子们来自世界…"
,,
,,
2014-11-27 12:00,国际健将级女子三级跳运动员李艳梅：是比赛就要认真对待,"    11月21日下午，第四十一届校运会正火热开展，记者早早来到旭日运动场等候李艳梅的到来。
    李艳梅是经济学院国际贸易专业一名研二学生，也是国际健将级女子三级跳运动员。今年校运会她一人包揽了三个项目：女子跳高、女子三级跳远和女子400米接力赛。

（李艳梅参加女子跳高）   
“参加跳高比赛和400米接…"
,,
,,
2014-11-21 10:24,学经济的新闻人 政经班的“小公主”,"    “这不是我们班的合照吗？”一位校友刚来到经济学院门口，就看到海报栏上的老照片，她很快就找到了当年的自己。这个身穿白色小西服，蓝色长裤，留着短发，时髦而不失大气的女士就是关雅文，经济学院政治经济学专业84届校友、广州日报社副总编辑关雅文。
“梦想开始的地方”——缘起经…"
,,
2014-11-12 10:58,笑洒热血迎黎明," 
 

	
		
			
				
			
		
	

    座落在浙江杭州西子湖畔的浙江省革命烈士纪念馆和浙江衢州市革命烈士纪念塔都阵列着衢州市六烈士的事绩。其中有一林维雁，因为是女性而格外引人关注和敬仰。人们称赞她为衢江女侠，也有人把她与著名先烈，秋瑾女侠相媲美。她们确实都是为中国革命而献出生命的巾帼英雄，只是…"
,,
,,
,,
,,
,,
,,
2014-09-09 08:57,现代诗人汪国真：诗集连续25年被盗版是我的奖杯,     四川在线消息（四川在线记者王玥）热爱文学的70后文艺青年，一定熟悉“汪国真”这个名字，他曾创作的“既然选择了远方，便只顾风雨兼程”“没有比脚更长的路，没有比人更高的山”等诗句被人们口口相传。今日，他一袭深蓝格子衬衫，出现在了宽窄讲堂——新诗会的现场，分享…
2014-09-05 23:51,符保卢 参加过奥运会的明星 白市驿驾机训练失速坠地,"    
    长相英俊的符保卢的母亲是俄罗斯人后裔，他是中国空军另一个传奇人物。参军前，他参加过奥运会，主演过电影，名声在外。
1914年，符保卢出生在吉林省滨江县，1927年，在哈尔滨举行的首届联合运动会上，13岁的符保卢夺得童子组50米、100米和200米赛跑3个单项亚军，获得总成绩第2名。
1930年，在全国第四届全运…"
2014-09-05 23:46,“金陵五烈士”陈镇和曾是国脚 参加过柏林奥运会,"
陈镇和(1906-1941)
被统称为“金陵五烈士”的五位抗战中牺牲的空军英雄陈镇和、彭仁忭、李鹏翔、周竹君、孟广信，都是南京金陵中学的毕业生。现代快报记者昨天向金陵中学多位老师求证，发现陈镇和不仅是为国捐躯的英雄，还曾是国家队的“国脚”，代表中国参加过1936年的柏林奥运会。
在金陵中学…"
2014-07-22 22:36,我校96级经济法本科毕业生黄山同学获选ALB“中国十五佳法律新星”,"近日，ALB（《亚洲法律事务》）评选出了中国2014十五佳律师新星，我校96级经济法本科毕业生黄山同学当选。

 
黄山同学系我校1996级经济法本科毕业生，现为广东广悦鸿鼎律师事务所律师，兼任广州市天河区第八届人大代表、广州市工商联、广州市天河区工商联执行委员会委员、广州市青年联合会，委员、广州市律师协会第八…"
,,
2014-06-12 16:29,“第三所大学”,我想教育的核心或者乐趣可能更在于此，不是为了应付考试或者拿得证书，单纯是为了一种知识的乐趣以及人文的关怀而听而做，从这个角度来说，暨大文化素质讲堂可算得上暨大一笔宝贵的资源，也是我生命里的“第三所大学”。
2014-05-28 16:52,大学生帮村民建微信平台卖菜,"    （暨大新闻社/蔡青）又是一个明媚的周末，珠海市斗门区莲江村村民黄豆奶奶刚刚将自家的黄豆磨成豆浆，盛满了两个铁桶，准备前往农产品交易市场开始贩卖，一天下来，可以赚到一两百块。年逾七十的黄豆奶奶也许从未想过自家种的一点蔬菜粮食，还能给她的生活带来一些财富和乐趣。

    一年前，她和其他留守在莲江村的…"
2014-05-28 16:52,暨大学生帮村民建微信平台卖菜,"    （暨大新闻社/蔡青）又是一个明媚的周末，珠海市斗门区莲江村村民黄豆奶奶刚刚将自家的黄豆磨成豆浆，盛满了两个铁桶，准备前往农产品交易市场开始贩卖，一天下来，可以赚到一两百块。年逾七十的黄豆奶奶也许从未想过自家种的一点蔬菜粮食，还能给她的生活带来一些财富和乐趣。

    一年前，她和其他留守在莲江村的…"
2014-05-21 11:02,搭建师生桥梁，沟通从“学代”开始,     校园无线网络开始逐步实现全校范围覆盖；刷卡门禁系统悄然出现在各栋学生宿舍楼；一度让路人掩鼻的明湖如今已是碧水扬波……这些与每个暨南人学习生活息息相关的变化与一个名叫学代会的学生组织不无关系。这是一个低调却不简单的组织，在学校和学生之间发挥着独一无二的桥梁作用。2014年5月，记者采访了…
2014-05-20 15:51,义跑，助学广西山区,"    （暨大新闻社记者/黄嘉伟）5月15日，暨大“义跑，助学广西山区”活动在校本部举行。作为暨大校团委经营了8年的传统志愿服务品牌项目，今年的广西爱心助学首次搭载“color run”形式，既延续了往年的爱心传统，又以新颖方式吸引了更多师生参与其中。

“第一次”！ “很好玩很有…"
2014-05-13 22:49,风雨兼程二十载 爱国之心永不变,"    5月的清晨，朝阳初上，图书馆前的国旗台红旗迎风招展。嘹亮激越的口号，慷慨激昂；整齐划一的踏步，雄姿勃发。回首间，暨南大学国旗护卫队已走过风雨二十载。
既然选择守护 便只顾风雨兼程
    “责任，荣誉，忠诚”这是暨南大学国旗护卫队队训精神。
    每个周一的清晨，暨南园国旗飘扬的图书馆广场上…"
2014-05-12 18:06,母校的明天一定会更美好," 
    5月7日晚，我校2014年优秀学生访澳团一行39人圆满结束为期4天的参访活动，顺利返校。在马有恒会长及广大澳门校友的关心和大力支持下，本次访澳活动内容丰富、行程紧凑，反响热烈，收获颇丰。
 
校友们的热情令人感动
 
    “马有恒会长邀请我校优秀学生访问澳门已经是第22个年头”，出发前，当同学…"
,,
,,
2014-05-06 09:39,天上掉下个“暨妹妹”,一个不加V的非官方微博却拥有高达3万的粉丝量； 一个拥有百宝袋的神秘“暨妹妹”； 一个集特立独行、乐善好施、八卦卖萌多重风格于一体的信息发布平台； 她，就是“@暨南大学暨南人网”。 
2014-04-08 15:50,D:FUSE杯暨南大学第二届主持人大赛报名火热进行中,"聚焦话筒，舞台完备灯光就绪；

声动暨南，四区齐聚精彩汇集；

任何专业，不限年级，只要怀有主持梦，比赛的大门向你敞开！报名火热进行中！

 


冠军奖获得价值3000元的奖品，决赛选手赛前将会得到一线主持人或播音员的专业指导，还有机会代表学校参加多校联合的“Mic dream” 主持人大赛。

 
主办…"
